-74.1011,40.672784,"Costco - Bayonne;Gas,","21 Goldsborough Dr,Bayonne,NJ,07002 ,#1334,,201-354-2335"
-74.056778,40.857684,"Costco - Teterboro;Gas/Diesel,","2 Teterboro Landing Dr,Teterboro,NJ,07608 ,#1214,,201-596-7001"
-76.950432,38.920378,Costco - Washington;,"2441 Market St NE,Washington,DC,20018 ,#1120,,202-269-8540"
-72.967736,41.539385,"Costco - Waterbury;Gas,","3600 E Main St; I-84 Exit 25 or 26,Waterbury,CT,06705 ,#0313,,203-596-9967"
-73.406385,41.441957,"Costco - Brookfield;Gas,","200 Federal Rd,Brookfield,CT,06804 ,#0304,,203-740-7623"
-73.451455,41.092017,Costco - Norwalk;,"779 Connecticut Ave,Norwalk,CT,06854 ,#0324,,203-822-2000"
-73.024667,41.250934,"Costco - Milford;Gas,","1718 Boston Post Rd,Milford,CT,06460 ,#0312,,203-882-8881"
-97.20549,49.82027,"Costco - South Winnipeg;Gas,","2365 McGillivray Blvd,Winnipeg ,#0549,MB R3Y 0A1,204-487-5100"
-97.198652,49.904268,Costco - West Winnipeg;,"1315 St. James Street,Winnipeg ,#0057,MB R3H 0K9,204-788-4754"
-97.052697,49.896763,"Costco - East Winnipeg;Gas,","1499 Regent Avenue,Winnipeg ,#0153,MB R2C 4M4,204-989-9997"
-86.812736,33.379407,"Costco - Hoover;Gas,","3650 Galleria CR; I-459 Exit 13,Hoover,AL,35244 ,#0362,,205-909-1039"
-122.344862,47.775285,"Costco - Aurora Village;Gas/Diesel,","1175 N 205th Street,Shoreline,WA,98133 ,#0106,,206-546-0480"
-122.24834,47.445595,"Costco - Tuckwila;Gas/Diesel,","400 Costco Dr Ste 150,Tukwila,WA,98188 ,#0006,,206-575-9191"
-122.330453,47.564922,"Costco - Seattle;Gas,","4401 4th Avenue South; I-5 Exit 163,Seattle,WA,98134 ,#0001,,206-674-1220"
-112.45517,42.904996,"Costco - Pocatello;Gas,","305 West Quinn; I-86 Exit 61,Pocatello,ID,83202 ,#1033,,208-238-4040"
-116.27669,43.585077,"Costco - Boise;Gas,","2051 S Cole Rd; I-84 Exit 50,Boise,ID,83709 ,#0761,,208-321-8703"
-116.589753,43.614889,"Costco - Nampa;Gas,","16700 N Marketplace Blvd; I-84 Exit 33,Nampa,ID,83687 ,#0734,,208-465-3810"
-116.783026,47.708846,"Costco - Coeur D' Alene;Gas/Diesel,","355 East Neider Ave,Coeur D'Alene,ID,83815 ,#0773,,208-676-7350"
-114.463844,42.592958,"Costco - Twin Falls;Gas,","731 Pole Line Rd,Twin Falls,ID,83301 ,#0145,,208-736-1550"
-121.066252,37.700208,"Costco - Modesto;Gas,","3801 Pelandale Ave; Hwy 99 Exit 233,Modesto,CA,95356 ,#0661,,209-342-4903"
-121.263328,38.10026,"Costco - Lodi;Gas,","2680 Reynolds Ranch Pkwy; Hwy 99 Exit 263,Lodi,CA,95240 ,#1091,,209-366-7300"
-121.292752,38.018799,"Costco - Stockton;Gas,","1616 East Hammer Ln; Hwy 99 Exit 258,Stockton,CA,95210 ,#0038,,209-478-2045"
-120.888552,37.519131,"Costco - Turlock;Gas,","2955 N Tegner Rd; Hwy 99 Exit 215,Turlock,CA,95380 ,#0782,,209-656-5301"
-120.496987,37.303226,"Costco - Merced;Gas,","1445 R Street,Merced,CA,95340 ,#0142,,209-725-5020"
-121.260319,37.785154,"Costco - Manteca;Gas,","2440 Daniels St; Hwy 120 Exit 3,Manteca,CA,95336 ,#1031,,209-825-8200"
-121.475704,37.750507,"Costco - Tracy;Gas,","3250 W Grant Line Rd; I-205 EXit 6,Tracy,CA,95377 ,#0658,,209-830-5343"
-98.597208,29.576109,"Costco - NW San Antonio;Gas,","5611 Utsa Blvd,San Antonio,TX,78249 ,#0689,,210-200-2023"
-82.311008,34.836086,"Costco - Selma;Gas,","15330 IH-35 North,Selma,TX,78154 ,#1006,,210-332-1072"
-98.47535,29.612209,Costco - Sonterra Park;,"1201 North Loop 1604 East,San Antonio,TX,78232 ,#0693,,210-403-4703"
-73.93146,40.795715,Costco - Manhattan;,"517 E 117th St,New York,NY,10035 ,#1062,,212-896-5882"
-75.080092,40.196711,"Costco - Bucks County;Gas,","100 Veterans Way,Warminster,PA,18974 ,#1103,,213-347-1950"
-75.23421,40.237198,Costco - Montgomeryville;,"740 Upper State Rd,North Wales,PA,19454 ,#0248,,215-353-4153"
-94.247851,46.348716,"Costco - Baxter;Gas,","13650 Elder Dr,Baxter,MN,56425 ,#1122,,218-855-5740"
-87.321868,41.473844,"Costco - Merrillville;Gas,","1310 E 79th Ave; I-65 Exit 263,Merrillville,IN,46410 ,#0370,,219-641-6403"
-91.07352,30.420017,"Costco - Baton Rouge;Gas,","10000 Dawndale Ave,Baton Rouge,LA,70809 ,#1172,,225-295-4600"
-80.582161,43.444302,"Costco - Waterloo;Gas,","930 Erb St W,Waterloo ,#1248,ON N2J 3Z4,226-215-1150"
-85.572433,44.733226,"Costco - Traverse City;Gas/Diesel,","125 E South Airport Rd,Traverse City,MI,49686 ,#1279,,231-252-7000"
-81.874196,26.544566,"Costco - Fort Myers;Gas,","7171 Cypress Lake Dr,Fort Myers,FL,33907 ,#0351,,239-415-3806"
-81.785933,26.489631,"Costco - Estero;Gas,","10088 Gulf Center Dr; I-75 Exit 128,Fort Myers,FL,33913 ,#0621,,239-433-7242"
-81.775331,26.220651,"Costco - Naples;Gas,","6275 Naples Blvd,Naples,FL,34109 ,#0354,,239-596-6404"
-83.502956,42.598149,"Costco - Commerce Twp;Gas,","3000 Commerce Crossing,Commerce Township,MI,48390 ,#0341,,248-529-2300"
-83.11766,42.515578,"Costco - Madson Heights;Gas,","30550 Stephenson Hwy,Madison Heights,MI,48071 ,#0393,,248-616-0048"
-83.295923,42.70663,"Costco - Auburn Hills;Gas,","400 Brown Rd; I-75 Exit 84,Auburn Hills,MI,48326 ,#0376,,248-648-0003"
-83.29271,42.607025,"Costco - Bloomfield;Gas,","2343 South Telegraph Rd,Bloomfield,MI,48302 ,#0392,,248-836-1601"
-124.9619,49.713216,"Costco - Courtenay;Gas,","588 Crown Isle Blvd,Courtenay ,#1092,BC V9N 0A6,250-331-8700"
-120.388151,50.654991,"Costco - Kamloops;Gas,","1675 Versatile Drive,Kamloops ,#0161,BC V1S 1W7,250-374-4209"
-124.045,49.236774,Costco - Nanaimo;,"6700 Island Highway N.,Nanaimo ,#0155,BC V9V 1K8,250-390-3231"
-123.501499,48.458039,"Costco - Langford;Gas,","799 McCallum Road,Victoria ,#0256,BC V9B 6A2,250-391-0972"
-122.771487,53.883146,"Costco - Prince George;Gas,","2555 Range Road,Prince George 4GB ,#0158,BC V2N,250-561-1784"
-119.419494,49.887018,Costco - Kelowna;,"2479 Highway 97,Kelowna ,#0059,BC V1X 4J2,250-868-9512"
-88.117864,30.64957,"Costco - Mobile;Gas,","1450 Tingle Circle W; I-65 Exit 1;,Mobile,AL,36606 ,#1192,,251-308-7030"
-122.308696,47.156326,"Costco - Puyallup;Gas,","1201 39th Ave SW,Puyallup,WA,98373 ,#0660,,253-445-7543"
-122.468144,47.224718,"Costco - Tacoma;Gas,","2219 South 37th Street; I-5 Exit 132 or 133,Tacoma,WA,98409 ,#0095,,253-671-6000"
-122.373955,47.238297,Business Center;,"3900 20th St East,Fife,WA,98424 ,#0767,,253-719-1953"
-122.158056,47.167537,"Costco - Bonney Lake;Gas,","9801 204th Ave E,Bonney Lake,WA,98391 ,#1278,,253-750-8120"
-122.121742,47.355307,"Costco - Covington;Gas,","27520 Covington Way SE,Covington,WA,98042 ,#1029,,253-796-1002"
-122.604393,47.357357,"Costco - Gig Harbor;Gas,","10990 Harbor Hill Dr,Gig Harbor,WA,98335 ,#0624,,253-853-8600"
-122.309595,47.286913,"Costco - Federal Way;Gas,","35100 Enchanted Pkwy S; I-5 Exit 142,Federal Way,WA,98003 ,#0061,,253-874-3652"
-86.602743,34.743447,"Costco - Huntsville;Gas,","1205 Memorial Pkwy NW; I-565 Exit 19,Huntsville,AL,35801 ,#0356,,256-519-2223"
-85.159063,41.12631,"Costco - Fort Wayne;Gas,","5110 Value Dr; I-69 Exit 311,Fort Wayne,IN,46808 ,#1161,,260-481-1100"
-87.921614,43.432946,"Costco - Grafton;Gas,","950 Port Washington Rd,Grafton,WI,53024 ,#0628,,262-204-1050"
-87.921133,42.564538,"Costco - Pleasant Prairie;Gas/Diesel,","7707 94th Ave; I-94 Exit 344,Pleasant Prairie,WI,53158 ,#1198,,262-597-1027"
-88.106354,42.944793,"Costco - New Berlin;Gas/Diesel,","15300 W Grange Ave,New Berlin,WI,53151 ,#1212,,262-599-7030"
-88.11118,43.183387,"Costco - Menomonee Falls;Gas/Diesel,","W162 N9235 Pershing Ave; Hwy 45 Exit 51/52,Menomenee Falls,WI,53051 ,#1209,,262-946-6060"
-88.231393,43.089596,"Costco - Pewaukee;Gas,","443 Pewaukee Rd,Pewaukee,WI,53072 ,#1101,,262-956-6700"
-85.646834,42.27182,"Costco - Kalamazoo;Gas,","5100 Century Ave; I-94 Exit 36,Kalamazoo,MI,49006 ,#1191,,269-743-2298"
-95.78152,29.782545,"Costco - West Katy;Gas,","23645 Katy Freeway; I-10 Exit 742/743;,Katy,TX,77494 ,#1167,,281-347-9900"
-95.643425,29.585354,"Costco - Sugar Land;Gas,","17520 SW Freeway,Sugar Land,TX,77479 ,#1146,,281-566-6720"
-95.389811,29.544538,"Costco - Pearland;Gas/Diesel,","3500 Business Center Dr,Pearland,TX,77584 ,#1221,,281-707-7001"
-95.266846,30.021269,"Costco - Humble;Gas/Diesel,","21802 Townson Blvd W,Humble,TX,77338 ,#1228,,281-707-7051"
-95.142022,29.536398,"Costco - Webster;Gas,","1310 Jasmine Ave; I-45 Exit 26,Webster,TX,77598 ,#1330,,281-707-7750"
-79.643225,43.216816,"Costco - Stoney Creek;Gas,","1330 S Service Rd; QEW Exit 78,Stoney Creek ,#1273,ON L8E 5C5,289-335-4820"
-79.639189,43.769937,"Costco - NW Vaughan;Gas,","55 New Huntington Rd,Vaughan ,#1261,ON L4L 0S8,289-459-0921"
-76.851797,38.923783,"Costco - Woodmore Towne Ctr;Gas,","2400 Five Lees Ln,Glenarden,MD,20706 ,#1078,,301-341-6740"
-76.872485,38.670319,"Costco - Brandywine;Gas,","16006 Crain Hwy,Brandywine,MD,20613 ,#1039,,301-372-3200"
-77.214491,39.155967,Costco - Gaithersburg;,"880 Russell Ave,Gaithersburg,MD,20879 ,#0213,,301-417-1503"
-77.407533,39.401683,"Costco - Frederick;Gas,","10 Monocacy Blvd,Frederick,MD,21704 ,#0330,,301-644-1483"
-76.908267,39.032484,"Costco - Beltsville;Gas,","10925 Baltimore Ave,Beltsville,MD,20705 ,#0214,,301-902-2643"
-77.054972,39.036784,Costco - Wheaton;,"11160 Veirs Mill Rd,Wheaton,MD,20902 ,#1129,,301-942-3200"
-75.647557,39.677752,Costco - Christiana;,"900 Center Blvd,Newark,DE,19702 ,#0246,,302-894-0511"
-105.008148,39.643831,"Costco - Sheridan;Gas,","4000 River Point Pkwy,Sheridan,CO,80110 ,#1027,,303-200-1830"
-105.083002,39.790269,"Costco - Arvada;Gas,","5195 Wadsworth Blvd; I-70 Exit 269,Arvada,CO,80002 ,#0676,,303-463-3603"
-104.983261,39.99149,"Costco - Thornton;Gas,","16375 N Washington St; I-25 Exit 228 or 229,Thornton,CO,80023 ,#0629,,303-474-3255"
-104.775951,39.555576,"Costco - Parker;Gas,","18414 Cottonwood Dr; I-470 Exit 5;,Parker,CO,80134 ,#1022,,303-583-1937"
-105.066639,39.862391,"Costco - Westminster;Gas,","6400 W 92nd Ave,Westminster,CO,80030 ,#0440,,303-650-1476"
-104.877403,39.557748,"Costco - Douglas County;Gas,","8686 Park Meadows Center Dr,Littleton,CO,80124 ,#0468,,303-708-0012"
-104.868706,39.690654,"Costco - Aurora;Gas,","1471 South Havana,Aurora,CO,80012 ,#0439,,303-750-2116"
-105.014405,39.709312,Business Center;,"400 S Zuni St; I-25 Exit 207,Denver,CO,80223 ,#0650,,303-830-4533"
-105.086534,39.636904,"Costco - SW Denver;Gas,","7900 W Quincy Ave,Littleton,CO,80123 ,#0443,,303-933-4931"
-80.29903,25.923078,"Costco - Miami Lakes;Gas,","16580 NW 59th Ave,Miami Lakes,FL,33014 ,#0181,,305-825-9818"
-80.15412,25.913716,"Costco - North Miami;Gas,","14800 Sole Mia Way,North Miami,FL,33181 ,#1332,,305-955-8711"
-80.41256,25.653246,"Costco - Kendall;Gas,","13450 SW 120th Street,Miami,FL,33186 ,#1023,,305-964-4227"
-104.509417,50.442856,"Costco - Regina;Gas,","2110 Anaquod Rd,Regina ,#1296,SK S4V 3T7,306-271-0912"
-106.530491,52.090901,"Costco - South Saskatoon;Gas,","225 Market Dr,Saskatoon ,#1234,SK S7V 0L2,306-700-2883"
-106.674891,52.19415,"Costco - Saskatoon;Gas,","115 Marquis Drive,Saskatoon ,#0152,SK S7R 1C7,306-933-4262"
-89.583497,40.672382,"Costco - East Peoria;Gas,","301 West Washington,East Peoria,IL,61611 ,#1126,,309-427-2930"
-118.342576,33.918618,"Business Center;Gas/Diesel,","12530 Praire Ave,Hawthorne,CA,90250 ,#0564,,310-220-8826"
-118.333785,33.943286,"Costco - Inglewood;Gas,","3560 West Century Blvd,Inglewood,CA,90303 ,#0769,,310-242-2777"
-118.373465,33.899816,"Costco - Hawthorne;Gas,","14501 Hindry Ave; I-405 Exit 43,Hawthorne,CA,90250 ,#0671,,310-727-0403"
-118.447453,33.993031,"Costco - Culver City;Gas,","13463 Washington Blvd,Marina del Rey,CA,90292 ,#0479,,310-754-2003"
-118.334226,33.80822,"Costco - Torrance;Gas/Diesel,","2640 Lomita Blvd,Torrance,CA,90505 ,#1202,,310-891-1020"
-87.66687,41.86271,"Costco - Chicago South Loop;Gas,","1430 S Ashland Ave,Chicago,IL,60608 ,#1107,,312-492-3600"
-90.338503,38.508146,"Costco - South St Louis;Gas,","4200 Rusty Rd,St Louis,MO,63128 ,#0368,,314-894-7953"
-76.270593,43.056499,"Costco - Syracuse;Gas,","120 Township Blvd,Camillus,NY,13031 ,#1176,,315-883-2361"
-97.22403,37.679637,"Costco - Wichita;Gas/Diesel,","9700 E Kellog; I-35 Exit 50;,Wichita,KS,67207 ,#1200,,316-226-7142"
-86.088636,39.637539,"Costco - South Indianapolis;Gas/Diesel,","4628 E County Line Rd; I-65 Exit 101,Indianapolis,IN,46237 ,#1227,,317-360-7076"
-86.226581,39.91752,"Costco - Fortune Park;Gas/Diesel,","9010 Michigan Rd; I-465 Exit 27,Indianapolis,IN,46268 ,#0347,,317-532-1608"
-86.061667,39.913664,"Costco - Castleton;Gas,","6110 East 86th; I-405 Exit 35,Castleton,IN,46250 ,#0346,,317-558-1453"
-91.617249,41.69748,"Costco - Coralville;Gas,","2900 Heartland Dr; I-80 Exit 240,Coralville,IA,52241 ,#1111,,319-545-3200"
-94.198622,45.547779,"Costco - St Cloud;Gas,","3636 2nd St S,St Cloud,MN,56301 ,#1344,,320-316-9865"
-118.263965,34.129009,Costco - Los Feliz;,"2901 Los Feliz Blvd; I-5 Exit 141,Los Angeles,CA,90039 ,#0130,,323-644-5201"
-118.141262,33.994516,"Business Center;Gas,","6333 Telegraph Rd; I-5 Exit 128,Commerce,CA,90040 ,#0569,,323-767-2640"
-118.103251,34.037264,"Costco - Monterey Park;Gas,","2000 Markey Place Dr,Monterey Park,CA,91755 ,#1318,,323-890-1904"
-81.506706,41.263626,"Costco - Boston Heights;Gas/Diesel,","6720 Bass Pro Dr; I-80 Exit 180,Boston Heights,OH,44236 ,#1226,,330-341-7008"
-86.150351,32.364358,"Costco - Montgomery;Gas,","8251 Eastchase Pkwy; I-85 Exit 11,Montgomery,AL,36117 ,#1009,,334-270-7460"
-79.883605,36.057402,"Costco - Greensboro;Gas,","4201 West Wendover Ave,Greensboro,NC,27407 ,#0339,,336-291-4013"
-80.317767,36.064301,"Costco - Winston-Salem;Gas,","1085 Hanes Mall Blvd,Winston Salem,NC,27103 ,#0361,,336-970-2303"
-92.043569,30.156278,"Costco - Lafayette;Gas/Diesel,","201 Meadow Farm Rd,Lafayette,LA,70508 ,#1201,,337-541-7025"
-122.472294,45.622389,"Costco - East Vancouver;Gas,","19610 SE 1st Street,Vancouver,WA,98607 ,#1086,,360-258-6221"
-122.915908,46.996217,"Costco - Tumwater;Gas,","5500 Littlerock Rd SW; I-5 Exit 102,Tumwater,WA,98512 ,#0064,,360-357-9743"
-123.125421,48.077069,"Costco - Sequim;Gas,","955 W Washington St,Sequim,WA,98382 ,#0104,,360-406-2023"
-122.760505,47.06002,"Costco - Lacey;Gas/Diesel,","1470 Marvin Rd NE; I-5 Exit 111,Lacey,WA,98516 ,#0740,,360-412-3500"
-122.191152,48.147558,"Costco - Marysville;Gas,","16616 Twin Lakes Ave; I-5 Exit 206,Marysville,WA,98271 ,#0642,,360-652-4530"
-122.514809,48.791767,"Costco - Bellingham;Gas/Diesel,","4125 Arctic Ave; I-5 Exit 257/258,Bellingham,WA,98226 ,#1216,,360-671-6947"
-122.68119,47.656953,"Costco - Silverdale;Gas/Diesel,","10000 Mickelberry Rd NW,Silverdale,WA,98383 ,#0013,,360-692-1140"
-122.33696,48.454334,"Costco - Burlington;Gas,","1725 S Burlington Blvd,Burlington,WA,98233 ,#0662,,360-757-5703"
-122.603762,45.685485,"Costco - Vancouver;Gas/Diesel,","6720 NE 84th Street,Vancouver,WA,98665 ,#0772,,360-828-2262"
-73.384357,45.503638,"Costco - St Hubert;Gas/Diesel,","1000 Boul Saint-Bruno,Saint-Bruno ,#1359,QC J3V 6P4,379-314-0046"
-96.110247,41.177821,"Costco - La Vista;Gas/Diesel,","12515 Portside Pkwy,La Vista,NE,68128,402-378=5622,#1237,"
-96.105066,41.265701,"Costco - Omaha;Gas,","12300 West Dodge Rd,Omaha,NE,68154 ,#1012,,402-952-3240"
-113.98864,51.07883,Costco - North Calgary;,"2853 32nd Street NE,Calgary ,#0056,AB T1Y 6T7,403-299-1620"
-114.044867,50.98953,"Costco - South Calgary;Gas,","99 Heritage Gate SE,Calgary ,#0251,AB T2H 3A7,403-313-7650"
-112.794871,49.660711,"Costco - Lethbridge;Gas,","3200 Mayor Magrath Drive South,Lethbridge ,#0160,AB T1K 6Y6,403-320-8903"
-113.802295,52.266741,"Costco - Red Deer;Gas,","162 Leva Ave; Hwy 2 Exit 391,Red Deer ,#0164,AB T4E 1B9,403-340-1924"
-114.16206,51.15717,"Costco - NW Calgary;Gas,","11588 Sarcee Trail NW; Hwy 201 Exit 46,Calgary ,#0543,AB T3R 0A1,403-516-3701"
-113.984357,51.210648,"Costco - Rocky View;Gas,","300-293020 Crossiron Blvd; Hwy 2 Exit 275,Rocky View ,#1076,AB T4A 0J6,403-516-5052"
-110.732632,50.062658,"Costco - Medicine Hat;Gas,","2350 Box Springs Blvd NW,Medicine Hat ,#0593,AB T1C 0C8,403-581-5702"
-113.94889,50.70502,"Costco - Okotoks;Gas,","202-104 Southbank Blvd,Okotoks ,#1069,AB T1S 0G1,403-995-5150"
-84.336724,33.872188,"Costco - Brookhaven;Gas,","500 Brookhaven Ave,Atlanta,GA,30319 ,#1084,,404-460-1915"
-97.531028,35.605063,"Costco - Oklahoma City;Gas,","13200 N Western Ave,Oklahoma City,OK,73114 ,#1350,,405-832-5110"
-112.002503,46.615453,"Costco - Helena;Gas,","2195 E Custer Ave,Helena,MT,59602 ,#0633,,406-495-7050"
-114.037797,46.894404,"Costco - Missoula;Gas,","3220 N Reserve St,Missoula,MT,59808 ,#0067,,406-543-6445"
-111.070653,45.71334,"Costco - Bozeman;Gas,","2505 Catron St; I-90 Exit 305,Bozeman,MT,59718 ,#0096,,406-585-0383"
-108.572908,45.75336,"Costco - Billings;Gas/Diesel,","2290 King Ave West,Billings,MT,59102 ,#0069,,406-652-8765"
-114.332419,48.234601,"Costco - kalispell;Gas,","2330 Hwy 93 N,Kalispell,MT,59901 ,#0745,,406-758-2500"
-81.424902,28.495409,"Costco South Orlando;Gas,","4696 Gardens Park Blvd,Orlando,FL,32839 ,#1235,,407-586-7221"
-81.300069,28.599536,"Costco - East Orlando;Gas,","3333 University Blvd,Winter Park,FL,32792 ,#0185,,407-681-2119"
-81.417349,28.660994,"Costco - Altamonte Springs;Gas,","741 Orange Ave; I-4 Exit 92,Altamonte Springs,FL,32714 ,#0183,,407-786-7802"
-121.851795,37.309751,"Costco - San Jose;Gas,","2201 Senter Rd,San Jose,CA,95112 ,#0148,,408-275-0199"
-121.994668,37.372026,"Costco - Sunnyvale;Gas,","150 Lawrence Station Rd; Hwy 101 Exit 394,Sunnyvale,CA,94086 ,#0423,,408-470-8000"
-121.938725,37.357265,"Costco - Santa Clara;Gas,","1601 Coleman Ave,Santa Clara,CA,95050 ,#0129,,408-567-9000"
-121.884167,37.390484,"Costco - NE San Jose;Gas,","1709 Automation Pkwy; I-680 Exit 5,San Jose,CA,95131 ,#1004,,408-678-2150"
-121.879999,37.253214,Costco - Almaden;,"5301 Almaden Expressway; Hwy 85 Exit 5,San Jose,CA,95118 ,#0470,,408-723-0964"
-121.556611,37.008381,"Costco - Gilroy;Gas,","7251 Camino Arroyo; Hwy 101 Exit 356,Gilroy,CA,95020 ,#0760,,408-848-0700"
-121.78469,37.243211,"Costco - Great Oaks ;Gas/Diesel,","6898 Raleigh Rd,San Jose,CA,95119 ,#1267,,408-908-7929"
-76.730744,39.15582,"Costco - Arundel Mills;Gas,","7077 Arundel Mills Cir,Hanover,MD,21076 ,#0325,,410-379-3103"
-76.793645,39.186369,"Costco - Columbia;Gas,","6675 Marie Curie Dr,Elkridge,MD,21075 ,#1000,,410-423-4052"
-76.444935,39.357858,"Costco - White Marsh;Gas,","9919 Pulaski Hwy,Baltimore,MD,21220 ,#0208,,410-574-7563"
-76.60042,39.196361,"Costco - Glen Burnie;Gas,","575 East Ordnance Rd,Glen Burnie,MD,21060 ,#0203,,410-590-8603"
-79.921744,40.402736,"Costco - Homestead;Gas,","501 W Waterfront Dr W,Homestead,PA,15120 ,#0649,,412-205-1002"
-80.165628,40.459596,"Costco - Robinson;Gas,","202 Costco Dr,Pittsburgh,PA,15205 ,#0332,,412-490-2204"
-72.620777,42.1317,"Costco - West Springfield;Gas,","119 Daggett Dr; I-91 Exit 13,West Springfield,MA,01089 ,#0302,,413-747-5518"
-122.410808,37.770712,Costco - San Francisco;,"450 10th Street,San Francisco,CA,94103 ,#0144,,415-626-4388"
-122.550638,38.087262,Costco - Novato;,"300 Vintage Way; Hwy 101 Exit 460/462,Novato,CA,94945 ,#0141,,415-899-1332"
-79.507102,43.623238,"Costco - Etobicoke;Gas,","50 Queen Elizabeth Blvd,Etobicoke ,#0524,ON M8Z 1M1,416-251-2832"
-79.296688,43.759022,"Costco - Scarborough;Gas,","1411 Warden Ave,Scarborough ,#0537,ON M1R 2S3,416-288-0033"
-79.454842,43.730577,Costco - Downsview;,"100 Billy Bishop Way,North York ,#0535,ON M3K 2C8,416-635-8175"
-71.268514,46.839492,"Costco - Quebec;Gas,","440 rue Bouvier,Quebec ,#0503,QC G2J 1E3,418-627-5100"
-71.328167,46.780983,"Costco - Sainte-Foy;Gas,","3233 rue Watt,Quebec ,#0516,QC G1X 4W2,418-656-0666"
-71.084096,48.382756,Costco - Chicoutimi;,"2500 boul Talbot RR4,Chicoutimi ,#0536,QC G7H 5B1,418-696-1112"
-71.270739,46.727114,"Costco - Levis;Gas,","1160 Rue de la Concorde,Levis ,#1186,QC G6W 0M4,418-834-7100"
-83.626029,41.675652,"Costco - Toledo;Gas/Diesel,","3405 West Central Ave,Toledo,OH,43606 ,#1007,,419-381-5000"
-122.052198,47.550673,"Costco - Issaquah;Gas,","1801 10th Avenue NW,Issaquah,WA,98027 ,#0110,,425-313-0965"
-74.674519,40.262538,"Costco - Princeton;Gas,","4100 Quakerbridge Rd,Lawrence Twn,NJ,08648 ,#1199,,425-313-8100"
-122.21017,47.903571,"Costco - Everett;Gas,","10200 19th Avenue SE,Everett,WA,98208 ,#0114,,425-379-7451"
-122.089622,47.677219,"Costco - Redmond ;Gas/Diesel,","7725 188th Ave NE,Redmond,WA,98052 ,#1225,,425-406-5382"
-122.309838,47.825866,"Business Center;Gas,","19105 Hwy-99,Lynnwood,WA,98036 ,#0115,,425-640-7700"
-122.273414,47.832635,"Costco - Lynwood;Gas/Diesel,","18109 33rd Ave W,Lynnwood,WA,98037 ,#1190,,425-697-1062"
-122.147532,47.780167,"Costco - Woodinville;Gas/Diesel,","24008 Snohomish-Woodinville Rd SE,Woodinville,WA,98072 ,#0747,,425-806-7700"
-122.181657,47.680819,"Costco - Kirkland;Gas,","8629 120th Avenue NE; I-405 Exit 18,Kirkland,WA,98033 ,#0008,,425-827-1693"
-78.490575,38.065549,"Costco - Charlottesville;Gas/Diesel,","3171 District Ave,Charlottesville,VA,22901 ,#1184,,434-328-7023"
-113.523511,37.122465,"Costco - St George;Gas/Diesel,","835 North 3050 East,St George,UT,84790 ,#0672,,435-256-0003"
-81.446493,41.524267,"Costco - Mayfield Heights;Gas,","1409 Golden Gate Blvd; I-271 Exit 34,Cleveland,OH,44124 ,#0344,,440-544-1350"
-81.815714,41.317393,"Costco - Strongsville;Gas,","16690 Royalton Rd; I-71 Exit 231,Strongsville,OH,44136 ,#0625,,440-783-3415"
-82.011715,41.459832,"Costco - Avon;Gas,","35804 Detroit Rd,Avon,OH,44011 ,#0343,,440-930-0103"
-76.787027,39.404556,"Costco - Owings Mills;Gas,","10270 Mill Run Circle; I-795 Exit 4,Owings Mills,MD,21117 ,#1326,,443-501-7043"
-73.850055,45.631536,Costco - Boisbriand;,"3600 Ave Des Grandes Tourelles,Boisbriand ,#0521,QC J7H 0A1,450-420-4500"
-73.516721,45.37101,"Costco - Candiac;Gas,","60 rue Strasbourg,Candiac ,#0556,QC J5R 0B4,450-444-3453"
-73.479073,45.434095,"Costco - Brossard;Gas,","9430 boul Taschereau,Brossard ,#0521,QC J4X 2W2,450-444-4466"
-74.01786,45.76488,"Costco - St Jerome;Gas,","1001 boul Jean-Baptiste-Rolland,Saint-Jerome ,#0529,QC J7Z 5T6,450-476-9000"
-74.038984,45.414795,"Costco - Vaudreuil;Gas/Diesel,","22400 Chemin Dumberry,Vaudreuil-Dorion ,#1213,QC J7V 0M8,450-510-8945"
-73.40544,45.57533,"Costco - Boucherville;Gas,","635 Chemin de Touraine,Boucherville ,#0532,QC J4B 5E4,450-645-2632"
-73.506432,45.721102,"Costco - Terrebonne;Gas,","870 montée des Pionniers,Terrebonne ,#0525,QC J6V 1N9,450-657-4353"
-73.757164,45.573302,"Costco - Laval;Gas,","2999 Autoroute Laval (440 Ouest),Laval ,#0505,QC H7P 5P4,450-686-7420"
-96.837102,33.171763,"Costco - Frisco;Gas,","11220 Dallas Pkwy,Frisco,TX,75033 ,#1097,,469-200-7107"
-96.90954,32.621583,"Costco - Duncanville;Gas,","250 West Hwy-67,Duncanville,TX,75137 ,#0636,,469-221-8113"
-96.657141,33.218108,"Costco - Mckinney;Gas,","3650 W University Dr,McKinney,TX,75071 ,#1030,,469-347-6421"
-96.763275,32.870741,Business Center;,"8282 Park Ln,Dallas,TX,75231 ,#0655,,469-498-6623"
-96.7681881,32.919125,"Costco - Dallas;Gas,","8055 Churchill Way,Dallas,TX,75251 ,#1266,,469-680-7546"
-96.963593,32.99835,"Costco - Lewisville;Gas,","851 SH 121; I-35E Exit 447/448,Lewisville,TX,75067 ,#0683,,469-948-1026"
-84.115514,34.211457,"Costco - Cumming;Gas,","1211 Bald Ridge Marina Rd,Cumming,GA,30041 ,#1175,,470-239-6610"
-111.840433,33.376299,"Costco - Gilbert;Gas,","1415 N Arizona Ave; Hwy 60 Exit 179,Gilbert,AZ,85233 ,#0481,,480-293-0053"
-112.127938,33.492157,"Business Center;Gas/Diesel,","3801 N 33rd Ave; I-17 Exit 202,Phoenix,AZ,85017 ,#0827,,480-293-2123"
-111.986626,33.604148,"Costco - Paradise Valley;Gas,","4570 E Cactus Rd,Phoenix,AZ,85032 ,#1058,,480-308-7044"
-111.669376,33.388798,"Costco - Mesa;Gas,","1444 S Sossaman Road; Hwy 60 Exit 189,Mesa,AZ,85209 ,#1028,,480-333-6550"
-111.744989,33.296136,"Costco - SE Gilbert;Gas,","2887 S Market St,Gilbert,AZ,85295 ,#0644,,480-366-3950"
-111.898873,33.293473,"Costco - Chandler;Gas,","595 S Galleria Way; Hwy 202 Exit 50B,Chandler,AZ,85226 ,#0736,,480-375-2051"
-112.028789,33.67133,"Costco - Cave Creek;Gas,","2450 E Beardsley Rd; Hwy 101 Exit 28,Phoenix,AZ,85050 ,#0738,,480-375-2850"
-111.96185,33.34713,"Costco - Tempe;Gas,","1445 W Elliot Rd; I-10 Exit 157,Tempe,AZ,85284 ,#0436,,480-496-6651"
-111.900647,33.62407,"Costco - Scottsdaleo;Gas,","15255 N Hayden Rd; Hwy 101 Exit 38/39,Scottsdale,AZ,85260 ,#0427,,480-948-5040"
-75.56749,40.565781,"Costco - Allentown;Gas,","791 N Krocks Rd,Allentown,PA,18106 ,#1211,,484-273-7056"
-85.573143,38.316334,"Costco - NE Louisville;Gas,","5020 Norton Healthcare Blvd; I-265 Exit 34,Louisville,KY,40241 ,#0634,,502-420-0170"
-85.666174,38.204505,"Costco - Louisville;Gas/Diesel,","3408 Bardstown Rd; I-264 Exit 16,Louisville,KY,40218 ,#1238,,502-912-9877"
-122.524464,45.55945,"Costco - Portland;Gas/Diesel,","4849 NE 138th Avenue,Portland,OR,97230 ,#0002,,503-258-3700"
-123.913903,46.146914,"Costco - Warrenton;Gas,","1804 SE Ensign Lane,Warrenton,OR,97146 ,#0102,,503-338-4101"
-122.995395,44.919209,"Costco - Salem;Gas,","1010 Hawthorne Ave SE,Salem,OR,97301 ,#0068,,503-371-1729"
-122.758125,45.434842,"Costco - Tigard;Gas/Diesel,","7850 SW Dartmouth Ave,Tigard,OR,97223 ,#0111,,503-639-0811"
-122.842331,45.508693,"Costco - Aloha;Gas,","15901 SW Jenkins,Aloha,OR,97006 ,#0009,,503-644-7615"
-122.935438,45.536192,"Costco - Hillsboro;Gas,","1255 NE 48th Avenue,Hillsboro,OR,97124 ,#0692,,503-681-2800"
-122.575767,45.42878,"Costco - Clackamas;Gas,","13130 SE 84th Avenue,Clackamas,OR,97015 ,#0097,,503-794-5500"
-122.763322,45.332652,"Costco - Wilsonville;Gas,","25900 SW Heather Pl; I-5 Exit 286,Wilsonville,OR,97070 ,#0766,,503-825-4003"
-90.111344,29.968244,"Costco - New Orleans;Gas,","3900 Dublin St; I-10 Exit 232;,New Orleans,LA,70118 ,#1147,,504-484-5220"
-106.52992,35.068429,"Costco - SE Albuquerque;Gas,","500 Eubank Blvd SE,Albuquerque,NM,87123 ,#0667,,505-332-6603"
-106.613754,35.13664,"Costco - Albuquerque;Gas,","1420 Renaissance Blvd NE,Albuquerque,NM,87107 ,#0116,,505-342-7160"
-106.662063,35.195646,"Costco - NW Albuquerque;Gas,","9955 Coors Blvd Bypass NW,Albuquerque,NM,87114 ,#1016,,505-922-7400"
-64.780004,46.129784,"Costco - Moncton;Gas,","140 Granite Dr; Trans-Canadan Exit 459,Moncton ,#0538,NB E1H 0K6,506-317-0423"
-66.661928,45.928946,"Costco - Fredericton;Gas,","25 Wayne Squibb Blvd,Fredericton ,#1090,NB E3C 0G8,506-460-4100"
-66.02678,45.3049,Costco - St John;,"300 Retail Dr,Saint John ,#1055,NB E2J 2R2,506-635-5300"
-92.520854,44.052096,"Costco - Rochester;Gas,","2020 Commerce Dr NW,Rochester,MN,55901 ,#1125,,507-286-1860"
-71.066117,42.137382,Costco - Avon;,"120 Stockwell Dr; Hwy 24 Exit 19,Avon,MA,02322 ,#0303,,508-232-4000"
-120.500219,46.562265,"Costco - Union Gap;Gas,","2310 Longfibre Rd,Union Gap,WA,98903 ,#0062,,509-454-5240"
-117.390253,47.760766,"Costco - North Spokane;Gas,","12020 N Newport Hwy,Spokane,WA,99218 ,#1298,,509-466-9668"
-119.23485,46.225851,"Costco - Kennewick;Gas,","8505A W Gage Blvd,Kennewick,WA,99336 ,#0486,,509-737-8861"
-117.043462,46.423513,"Costco - Clarkston;Gas/Diesel,","301 5th St,Clarkston,WA,99403 ,#0103,,509-758-1800"
-117.33285,47.65836,"Costco - Spokane;Gas,","5601 East Sprague Ave,Spokane,WA,99212 ,#0670,,509-842-0003"
-120.280082,47.40158,"Costco - Wenatchee;Gas,","375 Highline Dr,East Wenatchee,WA,98802 ,#0112,,509-886-0593"
-122.10278,37.667516,Business Center;,"22330 Hathaway Ave; I-880 Exit 29,Hayward,CA,94541 ,#1061,,510-259-6600"
-122.181804,37.720511,"Costco - San Leandro;Gas,","1900 Davis St; I-880 Exit 34,San Leandro,CA,94577 ,#0118,,510-562-6708"
-121.973307,37.50183,"Costco - Fremont;Gas,","43621 Pacific Commons Blvd; I-880 Exit 15,Fremont,CA,94538 ,#0778,,510-897-1091"
-122.322617,37.898005,"Costco - Richmond;Gas,","4801 Central Ave; I-580 Exit 14,Richmond,CA,94804 ,#0482,,510-898-2003"
-122.088805,37.615927,"Costco - Hayward;Gas,","28505 Hesperian Blvd; I-880 Exit 25,Hayward,CA,94545 ,#1061,,510-921-3126"
-97.842625,30.219083,Costco - South Austin;,"4301 W William Cannon Dr,Austin,TX,78749 ,#0641,,512-382-3011"
-97.743685,30.396721,"Costco - Austin;Gas,","10401 Research Blvd,Austin,TX,78759 ,#0681,,512-634-2250"
-97.819136,30.527321,"Costco - Cedar Park;Gas,","4601 183A Toll Rd,Cedar Park,TX,78613 ,#1152,,512-690-9059"
-84.451021,39.288172,"Costco - Springdale;Gas,","1100 East Kemper Rd,Springdale,OH,45246 ,#0379,,513-346-7943"
-84.302928,39.295921,"Costco - Deerfield;Gas,","9691 Waterstone Blvd,Cincinnati,OH,45249 ,#0384,,513-774-0024"
-73.660251,45.535566,Costco - Marche Central;,"1015 rue du Marché Central,Montreal ,#0527,QC H4N 3J4,514-381-1251"
-73.81791,45.47097,Costco - Pointe Claire;,"5701 Aut Transcanadienne,Pointe-Claire ,#0528,QC H9R 1B7,514-426-5052"
-73.584967,45.609253,"Costco - Anjou;Gas,","7373 Rue Bombardier,Anjou ,#0506,QC H1J 2V2,514-493-4814"
-73.552587,45.486109,"Costco - Montreal;Gas,","300 Rue Bridge,Montreal ,#0515,QC H3K 2C3,514-938-5170"
-93.805066,41.56272,"Costco - West Des Moines;Gas,","7205 Mills Civic Pkwy; I-35 Exit 70,West Des Moines,IA,50266 ,#0788,,515-222-2921"
-73.652807,40.620227,"Costco - Oceanside;Gas,","3705 Hampton Rd,Oceanside,NY,11572 ,#1215,,516-259-7002"
-73.740239,40.63037,Costco - Lawrence;,"605 Rockaway Turnpike,Lawrence,NY,11559 ,#0310,,516-371-2017"
-73.598376,40.744072,Costco - Westbury;,"1250 Old Country Rd,Westbury,NY,11590 ,#0226,,516-683-8300"
-84.442275,42.752712,"Costco -East Lansing;Gas,","2540 E Saginaw Hwy,East Lansing,MI,48823 ,#1277,,517-903-5000"
-81.293356,42.987548,"Costco - North London;Gas,","693 Wonderland Road North,London ,#0530,ON N6H 4L1,519-474-5300"
-80.39276,43.40661,Costco - Kitchener;,"4438 King Ste,Kitchener ,#0512,ON N2P 2G4,519-650-2220"
-81.21089,42.91875,Costco - Westminster;,"4313 Wellington Road South,London ,#0508,ON N6E 2Z8,519-680-0940"
-80.294832,43.52272,"Costco - Guelph;Gas,","19 Elmira Rd S,Guelph ,#1168,ON N1K 0B6,519-780-5700"
-82.965596,42.254776,"Costco - Windsor;Gas,","4411 Walker Rd,Windsor ,#0534,ON N8W 3T6,519-972-1899"
-110.946766,32.179971,"Costco - SW Tucson;Gas,","1650 E Tucson Marketplace; I-10 Exit 261,Tuscon,AZ,85713 ,#1079,,520-791-7340"
-111.04966,32.326112,"Costco - NW Tucson;Gas,","3901 W Costco Dr; I-10 Exit 250,Tucson,AZ,85741 ,#0431,,520-797-1980"
-110.859813,32.251294,"Costco - Tucson;Gas,","6255 East Grant Rd,Tucson,AZ,85712 ,#0407,,520-886-6376"
-122.344951,40.586359,Costco - Redding;,"1300 Dana Drive,Redding,CA,96003 ,#0133,,530-222-0199"
-121.811364,39.721196,"Costco - Chico;Gas,","2100 Dr MLK Pkwy; Hwy 99 Exit 384,Chico,CA,95928 ,#1011,,530-332-1740"
-121.722189,38.672585,"Costco - Woodland;Gas,","2299 Bronze Star Dr; I-5 Exit 536,Woodland,CA,95776 ,#1003,,530-406-2120"
-96.698022,40.739443,"Costco - Lincoln;Gas/Diesel,","1620 Pine Lake Rd,Lincoln,NE,68512 ,#1285,,531-333-7559"
-78.857356,38.427387,"Costco - Harrisonburg;Gas,","1830 Reservoir St,Harrisonburg,VA,22801 ,#0238,,540-432-8989"
-78.155544,39.157633,"Costco - Winchester;Gas,","251 Front Royal Pike,Winchester,VA,22602 ,#0239,,540-722-7420"
-77.515922,38.294539,"Costco - Fredericksburg;Gas,","3102 Plank Rd,Fredericksburg,VA,22407 ,#0340,,540-785-1163"
-123.349807,43.259358,"Costco - Roseburg;Gas,","4141 NE Stephens,Roseburg,OR,97470 ,#1073,,541-378-0020"
-121.267616,44.057267,Costco - Bend;,"2500 NE Hwy-20,Bend,OR,97701 ,#0101,,541-383-2299"
-122.888314,42.374415,"Costco - Central Point;Gas/Diesel,","3075 Hamrick Rd,Central Point,OR,97502 ,#1287,,541-630-7004"
-123.064578,44.089282,"Costco - Eugene;Gas,","2828 Chad Dr,Eugene,OR,97408 ,#0017,,541-683-8126"
-123.065067,44.63864,"Costco - Albany;Gas,","3130 Killdeer Ave,Albany,OR,97321 ,#0682,,541-918-7040"
-119.874082,36.809907,"Costco - Fresno;Gas,","4500 W Shaw Ave; Hwy 99 Exit 140,Fresno,CA,93722 ,#0031,,559-271-6511"
-119.70065,36.806001,"Costco - Clovis;Gas,","2270 Clovis Ave,Clovis,CA,93612 #1360,,559-291-3377"
-119.787951,36.839631,"Costco - North Fresno;Gas/Diesel,","7100 N Abby St; Hwy 41 Exit 134;,Fresno,CA,93720 ,#0657,,559-437-3643"
-119.50206,36.328655,"Costco - Hanford;Gas/Diesel,","2395 E Lacey Blvd,Hanford,CA,93230 ,#1244,,559-670-6008"
-119.306547,36.29282,"Costco - Visalia;Gas/Diesel,","1405 W Cameron Ave,Visalia,CA,93277 ,#1017,,559-735-2400"
-80.071094,26.588488,"Costco - Lantana;Gas,","1873 Lantana Rd; I-95 Exit 61,Lantana,FL,33462 ,#0180,,561-533-0958"
-80.087587,26.807198,Costco - Palm Beach gardens;,"3250 Northlake Blvd; I-95 Exit 77,Palm Beach Gardens,FL,33403 ,#0093,,561-776-3052"
-80.221067,26.683311,"Costco - Royal palm Beach;Gas,","11001 Southern Blvd,Royal Palm Beach,FL,33411 ,#0623,,561-803-8830"
-80.100373,26.412806,"Costco - Boca Raton;Gas,","17800 Congress Ave,Boca Raton,FL,33487 ,#0345,,561-981-5004"
-118.136754,33.8505,"Costco - Lakewood;Gas,","340 Lakewood Center Mall,Lakewood,CA,90712 ,#1050,,562-295-1506"
-118.16474,33.803265,"Costco - Signal Hill;Gas,","2200 East Willow St; I-405 Exit 29,Signal Hill,CA,90755 ,#0424,,562-427-2537"
-117.9687,33.933034,"Costco - La Habra;Gas,","101 N Beach Blvd,La Habra,CA,90631 ,#0777,,562-524-0001"
-118.039464,33.804531,"Costco - Cypress;Gas,","5401 Katella Ave; I-605 Exit 1,Cypress,CA,90720 ,#0748,,562-668-5152"
-118.102311,33.919881,"Costco - Norwalk;Gas/Diesel,","12324 Hoxie Ave; I-605 Exit 9 or 10,Norwalk,CA,90650 ,#0410,,562-929-0826"
-90.533227,41.575966,"Costco - Davenport;Gas,","2790 E 53rd St; I-74 Exit 1,Davenport,IA,52807 ,#1325,,563-893-7004"
-83.634441,41.543933,"Costco - Perrysburg;Gas/Diesel,","26400 Dixie Hwy; I-475 Exit 2;,Perrysburg,OH,43551 ,#1194,,567-368-6000"
-77.089955,38.742555,Costco - Mt Vernon;,"7940 Richmond Hwy,Alexandria,VA,22306 ,#1115,,571-458-3500"
-86.171755,41.71954,"Costco - Mishawaka;Gas,","625 E University Dr,Granger,IN,46530 ,#1183,,574-401-7004"
-77.613867,43.114497,"Costco - Rochester;Gas/Diesel,","335 Westfall Rd; I-590 Exit 16,Rochester,NY,14620 ,#1195,,585-471-6906"
-82.934858,42.49594,"Costco - Roseville;Gas/Diesel,","27118 Gratiot Ave 27118 Gratiot Ave,Roseville,MI,48066 ,#0394,,586-447-0191"
-82.979754,42.630157,"Costco - Lakeside;Gas,","45460 Market Street,Shelby Township,MI,48315 ,#0374,,586-580-2003"
-113.911809,51.04179,"Costco - East Calgary;Gas/Diesel,","75 E Hills Blvd SE,Calgary ,#1217,AB T2A 6J8,587-470-4458"
-90.148056,32.422576,"Costco - Ridgeland;Gas,","700 Highland Colony Pkwy; I-55 Exit 105,Ridgeland,MS,39157 ,#1366,,601-499-8581"
-112.095189,33.520692,"Costco - Phoenix;Gas,","1646 W Montebello Ave; I-17 Exit 203,Phoenix,AZ,85015 ,#0665,,602-293-4524"
-111.985145,33.474271,"Costco - Thomas Rd;Gas,","4502 East Oak St,Phoenix,AZ,85008 ,#0465,,602-808-0101"
-71.442905,42.702372,Costco - Nashua;,"311 Daniel Webster Hwy,Nashua,NH,03060 ,#0307,,603-888-3640"
-123.122824,49.192502,Costco - Richmond;,"9151 Bridgeport Road; Hwy 99 Exit 39,Richmond ,#0054,BC V6X 3L9,604-270-6523"
-122.9189,49.25132,Costco - Burnaby;,"3550 Brighton Avenue,Burnaby ,#0051,BC V5A 4W3,604-420-2338"
-123.001236,49.261654,Costco - Willingdon;,"4500 Still Creek Dr; Hwy 1 Exit 29,Burnaby ,#0548,BC V5C 0E5,604-435-6695"
-122.654811,49.119599,"Costco - Langley;Gas,","20499 64th Ave,Langley ,#0259,BC V2Y 1N5,604-539-8902"
-122.74518,49.256434,"Costco - Port Coquitlam;Gas,","2370 Ottawa St,Port Coquitlam ,#0255,BC V3B 7Z1,604-552-1158"
-122.84572,49.13744,Costco - Surrey;,"7423 King George Highway,Surrey ,#0055,BC V3W 5A8,604-596-7435"
-123.10879,49.27861,Costco - Vancouver;,"605 Expo Blvd,Vancouver ,#0552,BC V6B 1V4,604-622-5050"
-122.266127,49.022821,"Costco - Abbotsford;Gas,","1127 Sumas Way; Hwy 1 Exit 92,Abbotsford ,#0163,BC V2S 8H2,604-850-3458"
-96.739254,43.512658,"Costco - Sioux Falls;Gas,","3700 S Grange Ave; I-229 Exit 3,Sioux Falls,SD,57105 ,#1159,,605-988-9140"
-89.519131,43.101305,"Costco - Middleton;Gas,","2150 Deming Way,Middleton,WI,53562 ,#1020,,608-824-3950"
-89.273419,43.167476,"Costco - Sun Prairie;Gas,","2850 Hoepker Rd,Sun Prairie,WI,53590 ,#1121,,608-825-4001"
-74.287694,39.706722,"Costco - Manahawkin;Gas,","245 Stafford Park Blvd,Stafford Twp,NJ,08050 ,#1025,,609-242-2011"
-75.386453,40.091197,Costco - King of Prussia;,"201 Allendale Rd,King of Prussia,PA,19406 ,#0245,,610-337-6601"
-75.531831,39.889768,"Costco - Concordvile;Gas,","700 Evergreen Dr,Glen Mills,PA,19342 ,#1114,,610-387-2205"
-75.574669,40.238706,"Costco - Sanatoga;Gas,","14 W Lightcap Rd,Pottstown,PA,19464 ,#1081,,610-569-4137"
-93.440379,44.859275,"Costco - Eagan,;Gas,","995 Blue Gentian Rd,Eagan,MN,55121 ,#1363,,612-439-8060"
-93.039783,45.029315,"Costco - Maplewood;Gas,","1431 Beam Ave,Maplewood,MN,55109 ,#1021,,612-486-1738"
-92.9629,44.93877,"Costco - Woodbury;Gas,","7070 Tamarack Rd; I-494 Exit 58C,Woodbury,MN,55125 ,#1272,,612-540-5458"
-75.911847,45.302573,Costco - Kanata;,"770 Silver Seven Rd,Kanata ,#0541,ON K2V 1A5,613-270-5550"
-76.56001,44.26071,Costco - Kingston;,"1015 Centennial Dr,Kingston ,#0533,ON K7P 3B7,613-549-2527"
-75.780785,45.269711,"Costco - Barrhaven;Gas,","4315 Strandherd Dr,Nepean ,#1263,ON K2J 6E5,613-714-0913"
-75.72593,45.33812,"Costco - Nepean;Gas,","1849 Merivale Road,Nepean ,#0540,ON K2G 1E3,613-727-4786"
-75.60237,45.41498,Costco - Gloucester;,"1900 Cyrville Road,Gloucester ,#0511,ON K1B 1A5,613-748-9966"
-83.189424,40.108634,"Costco - NW Columbus;Gas/Diesel,","7300 SR 161 E,Plain City,OH,43064 ,#1243,,614-733-5002"
-82.904961,40.05336,"Costco - Easton;Gas,","3888 Stelzer Rd; I-270 Exit 33,Columbus,OH,43219 ,#1160,,614-934-6211"
-82.977433,40.150981,"Costco - Columbus;Gas,","1500 Gemini Pl,Columbus,OH,43240 ,#0632,,614-987-1900"
-86.886137,36.139459,"Costco - West Nashville;Gas,","6670 Charlotte Pike,Nashville,TN,37209 ,#0630,,615-354-5100"
-86.817406,35.963432,"Costco - Brentwood;Gas,","98 Seaboard Ln,Brentwood,TN,37027 ,#0386,,615-493-1003"
-85.542822,42.910571,"Costco - Grand Rapids;Gas,","5100 28th Street SE; I-96 Exit 43,Grand Rapids,MI,49512 ,#0784,,616-233-4401"
-85.764064,42.8766,"Costco - Wyoming;Gas,","4901 Wilson Ave SW,Wyoming,MI,49418 ,#0744,,616-406-2651"
-71.071382,42.396798,Costco - Everett;,"2 Mystic View Rd,Everett,MA,02149 ,#0333,,617-544-4806"
-117.083846,32.608833,"Costco - Chula Vista;Gas,","1130 Broadway; I-5 Exit 6,Chula Vista,CA,91911 ,#0405,,619-205-1501"
-117.116054,32.712802,"Costco - SE San Diego;Gas,","650 Gateway Center Dr; Hwy 94 Exit 2,San Diego,CA,92102 ,#0483,,619-358-2303"
-117.128624,32.782487,"Costco- Mission Valley;Gas,","2345 Fenton Pkwy,San Diego,CA,92108 ,#0488,,619-358-4000"
-116.987309,32.841297,"Costco - Santee;Gas,","101 Town Center Pkwy,Santee,CA,92071 ,#0403,,619-562-3227"
-117.022265,32.637558,"Costco - Rancho Del Rey;Gas/Diesel,","895 East H St; I-805 Exit 7,Chula Vista,CA,91910 ,#0460,,619-656-0826"
-117.024581,32.773775,Costco - La Mesa;,"8125 Fletcher Pkwy; I-8 Exit 13,La Mesa,CA,91941 ,#0469,,619-667-8504"
-112.115858,33.659513,"Costco - North Phoenix;Gas/Diesel,","19001 N 27th Ave; I-17 Exit 214,Phoenix,AZ,85027 ,#0490,,623-293-4403"
-112.232641,33.642349,"Costco - Glendale;Gas,","17550 N 79th Ave; Hwy 101 Exit 15,Glendale,AZ,85308 ,#0674,,623-776-4003"
-112.274438,33.467334,"Costco - Avondale;Gas,","10000 W McDowell Rd; I-10 Exit 133,Avondale,AZ,85392 ,#0691,,623-907-5663"
-118.148531,34.089515,"Costco - Alhambra;Gas,","2207 West Commonwealth Ave,Alhambra,CA,91803 ,#0428,,626-289-7164"
-117.925681,34.131982,"Costco - Azusa;Gas,","1220 W Foothill Blvd; I-210 Exit 38,Azusa,CA,91702 ,#0412,,626-812-7911"
-117.922303,33.994637,"Costco - City of Industry;Gas,","17550 Castleton St; Hwy 60 Exit 18,City of Industry,CA,91748 ,#0679,,626-839-3053"
-88.203357,41.745328,"Costco - Naperville;Gas,","1320 South Rte-59,Naperville,IL,60564 ,#0342,,630-328-2900"
-88.133133,41.941111,"Costco - Bloomingdale;Gas,","505 W. Army Trail Rd,Bloomingdale,IL,60108 ,#0371,,630-351-3010"
-88.032535,41.728379,"Costco - Bolingbrook;Gas,","830 E Boughton Rd,Bolingbrook,IL,60440 ,#1088,,630-410-0702"
-88.343044,41.909392,"Costco - St Charles;Gas,","221 S. Randall Rd,St Charles,IL,60174 ,#1040,,630-549-2022"
-87.965854,41.845484,"Costco - Oak Brook;Gas,","1901 West 22nd Street,Oak Brook,IL,60523 ,#0388,,630-928-0235"
-73.050837,40.773087,"Costco - Holbrook;Gas,","125 Beacon Dr,Holbrook,NY,11741 ,#0230,,631-244-0292"
-73.420451,40.757585,Costco - Melville;,"625 Broadhollow Rd,Melville,NY,11747 ,#0237,,631-293-8707"
-73.130006,40.859348,Costco - Nesconset;,"3000 Middle Country Rd,Nesconset,NY,11767 ,#0206,,631-366-1504"
-73.285819,40.807046,Costco - Commack;,"10 Garret Pl,Commack,NY,11725 ,#0240,,631-462-3900"
-72.706843,40.925794,"Costco - Riverhead;Gas,","1768 Old Country Rd,Riverhead,NY,11901 ,#0785,,631-655-0110"
-90.507433,38.597675,"Costco - Manchester;Gas,","301 Highlands Blvd Dr,Manchester,MO,63011 ,#1060,,636-686-7400"
-90.606963,38.796124,"Costco - St Peters;Gas,","200 Costco Way,Saint Peters,MO,63376 ,#0382,,636-970-4004"
-79.347164,43.707581,"Costco - Thorncliffe Park;Gas,","42 Overlea Blvd,Toronto ,#1316,ON M4H 1B6,647-265-9377"
-79.281427,43.730345,Business Center;,"50 Thermos Rd,Scarborough ,#0595,ON M1L 0E6,647-484-5844"
-122.27469,37.561758,Costco - Foster City;,"1001 Metro Center Blvd,Foster City,CA,94404 ,#0147,,650-286-0739"
-122.216576,37.479307,"Costco - Redwood City;Gas,","2300 Middlefield Rd; Hwy 101 Exit 408,Redwood City,CA,94063 ,#1042,,650-365-9384"
-122.448871,37.665603,"Costco - El Camino;Gas,","1600 El Camino Real,South San Francisco,CA,94080 ,#0475,,650-757-3003"
-122.401137,37.661183,Business Center;,"900 Dubuque Ave S; Hwy 101 Exit 425,South San Francisco,CA,94080 ,#0654,,650-784-4047"
-122.400632,37.642356,"Costco - South San Francisco;Gas,","451 S Airport Blvd,South San Francisco,CA,94080 ,#0422,,650-872-2021"
-122.095432,37.420747,Costco - Mountain View;,"1000 N Rengstorff Ave; Hwy 101 Exit 400,Mountain View,CA,94043 ,#0143,,650-988-1841"
-93.216852,45.000746,Business Center;,"3311 NE Broadway St,Minneapolis,MN,55413 ,#0652,,651-502-7600"
-117.993071,33.768513,Business Center;,"13225 Beach Blvd,Westminster,CA,92683 ,#0943,,657-400-7006"
-118.461634,34.404672,"Costco - Santa Clarita;Gas,","18649 Via Princessa; Hwy 14 Exit 6,Santa Clarita,CA,91387 ,#0477,,661-250-2818"
-119.058331,35.297436,"Costco - SW Bakersfield;Gas,","4900 Panama Ln; Hwy 99 Exit 20,Bakersfield,CA,93313 ,#0643,,661-398-4740"
-118.151561,34.66175,"Costco - Lancaster;Gas,","1141 W Ave L; Hwy 14 Exit 41,Lancaster,CA,93534 ,#0762,,661-802-4470"
-119.049137,35.384448,"Costco - Bakersfield;Gas/Diesel,","3800 Rosedale Hwy; Hwy 99 Exit 26,Bakersfield,CA,93308 ,#0688,,661-852-2643"
-84.333622,33.571916,"Business Center;Gas,","1700 Mount Zion Rd; I-75 Exit 233,Morrow,GA,30260 ,#0186,,678-201-0003"
-83.996563,34.062092,"Costco - Mall of Georgia;Gas,","1550 Mall of Georgia Blvd; I-85 Exit 115,Buford,GA,30519 ,#0366,,678-288-3009"
-84.621501,33.401469,"Costco - Sharpsburg;Gas,","40 Fischer Crossing Dr,Sharpsburg,GA,30277 ,#1361,,678-621-8602"
-84.277495,34.090509,"Costco - Alpharetta;Gas/Diesel,","2855 Jordan Ct; Hwy 19 Exit 11,Alpharetta,GA,30004 ,#0743,,678-823-4950"
-96.887814,46.844475,"Costco - West Fargo;Gas,","750 23rd Ave East; I-94 Exit 347,West Fargo,ND,58078 ,#1119,,701-281-2220"
-115.037582,36.069821,"Costco - Henderson;Gas,","791 Marks St,Henderson,NV,89014 ,#0673,,702-352-2010"
-115.332961,36.163236,"Costco - Summerlin;Gas,","801 S. Pavilion Center Dr,Las Vegas,NV,89144 ,#0685,,702-352-2053"
-115.162748,36.17158,"Business Center;Gas,","222 S Martin Luther King Blvd,Las Vegas,NV,89106 ,#0035,,702-384-6247"
-115.209434,36.278941,"Costco - Centennial;Gas,","6555 N Decatur Blvd,Las Vegas,NV,89131 ,#0737,,702-415-2300"
-115.134817,35.983519,"Costco - SW Henderson;Gas,","3411 St Rose Pkwy,Henderson,NV,89052 ,#1320,,702-803-7044"
-77.371634,38.849499,"Costco - Fairfax;Gas,","4725 West Ox Rd,Fairfax,VA,22030 ,#0204,,703-332-3200"
-77.516427,38.783925,"Costco - Manassas;Gas,","10701 Sudley Manor Dr,Manassas,VA,20109 ,#0225,,703-368-7579"
-77.401668,39.023685,"Costco - Sterling;Gas,","21398 Price Cascade Plz,Sterling,VA,20164 ,#0218,,703-406-6500"
-77.057125,38.860961,Costco - Pentagon City;,"1200 South Fern St,Arlington,VA,22202 ,#0233,,703-413-2324"
-77.295311,38.643205,"Costco - Potomac Mills;Gas,","2700 Potomac Mills Circle,Woodbridge,VA,22192 ,#0626,,703-490-7410"
-77.533198,39.115223,"Costco - Leesburg;Gas,","1300 Edwards Ferry Rd NE,Leesburg,VA,20176 ,#0337,,703-669-5060"
-77.442867,38.894997,"Costco - Chantilly;Gas,","14390 Chantilly Crossing Ln,Chantilly,VA,20151 ,#0334,,703-885-5544"
-77.197242,38.739419,Costco - Newington;,"7373 Boston Blvd,Springfield,VA,22153 ,#0227,,703-912-1203"
-80.704646,35.129532,"Costco - Matthews;Gas,","2125 Matthews Township Pkwy,Matthews,NC,28105 ,#0367,,704-321-7443"
-80.88466,35.161372,"Costco - Charlotte;Gas,","500 Tyvola Rd; I-77 Exit 5,Charlotte,NC,28217 ,#0359,,704-501-2403"
-79.457159,44.59602,"Costco - Orillia;Gas,","625 University Ave; Hwy 11 Exit 131,Orillia ,#1265,ON L3V 0Y7,705-418-1706"
-80.945672,46.504101,Costco - Sudbury;,"1465 Kingsway,Sudbury ,#0257,ON P3A 6B3,705-524-8255"
-78.34119,44.27191,"Costco - Peterborough;Gas,","485 The Parkway,Peterborough ,#0591,ON K9J 0B3,705-750-2600"
-82.020258,33.524536,"Costco - Augusta;Gas,","825 Cabela Dr; I-20 Exit 200,Augusta,GA,30909 ,#1102,,706-739-1709"
-85.194667,34.968399,"Costco - Fort Oglethorpe;Gas,","100 Cobb Parkway; I-75 Exit 353,Ringgold,GA,30736 ,#1083,,706-891-2579"
-123.197292,39.130108,"Costco - Ukiah;Gas,","1275 Airport Park Blvd,Ukiah,CA,95482 ,#1297,,707-313-8012"
-124.182942,40.792172,"Costco - Eureka;Gas,","1006 West Wabash Ave,Eureka,CA,95501 ,#0125,,707-441-8750"
-121.980193,38.35053,"Costco - Vacaville;Gas,","1051 Hume Way,Vacaville,CA,95687 ,#0694,,707-453-7343"
-122.717443,38.353073,"Costco - Rohnert Park;Gas/Diesel,","5901 Redwood Dr; Hwy 101 Exit 483,Rohnert Park,CA,94928 ,#0659,,707-540-9113"
-122.213426,38.133233,"Costco - Vallejo;Gas,","198 Plaza Dr; I-80 Exit 33,Vallejo,CA,94591 ,#0132,,707-553-6400"
-122.711425,38.419813,"Costco - Santa Rosa;Gas,","1900 Santa Rosa Ave; Hwy 101 Exit 488,Santa Rosa,CA,95407 ,#0041,,707-566-6420"
-122.144911,38.215406,"Costco - Fairfield;Gas,","5101 Business Center Dr; I-80 Exit 40,Fairfield,CA,94534 ,#0453,,707-864-3816"
-87.836304,41.910016,"Costco - Melrose Park;Gas/Diesel,","8400 W North Ave,Melrose Park,IL,60160 ,#1085,,708-397-2905"
-87.861904,41.599465,"Costco - Orland Park;Gas,","9915 W 159th Street,Orland Park,IL,60462 ,#0647,,708-645-5336"
-87.807117,41.844441,"Costco - North Riverside;Gas,","2500 S Harlem Ave,North Riverside,IL,60546 ,#1153,,708-853-1017"
-52.834461,47.507389,"Costco - St Johns;Gas,","75 danny Dr,St John's ,#1324,NL A1H 1A3,709-701-8929"
-95.52999,29.787768,"Costco - Bunker Hill;Gas,","1150 Bunker Hill Rd,Houston,TX,77055 ,#0680,,713-576-2050"
-117.743992,33.875818,"Costco - Yorba Linda;Gas,","22633 Savi Ranch Pkwy; Hwy 91 Exit 39,Yorba Linda,CA,92887 ,#0445,,714-282-6650"
-117.822905,33.699912,"Costco - Tustin;Gas,","2700 Park Ave,Tustin,CA,92782 ,#1001,,714-338-1933"
-117.931733,33.703448,"Costco - Fountain Valley;Gas,","17900 Newhope; I-405 Exit 12,Fountain Valley,CA,92708 ,#0411,,714-338-2183"
-117.996841,33.732982,"Costco - Huntington Beach;Gas,","7562 Center Ave; I-405 Exit 16,Huntington Beach,CA,92647 ,#1110,,714-372-7510"
-117.940721,33.772405,"Costco - Garden Grove;Gas,","11000 Garden Grove Blvd; Hwy 22 Exit 11,Garden Grove,CA,92843 ,#0126,,714-638-6308"
-117.922128,33.862454,"Costco - Fullerton;Gas,","900 S Harbor Blvd; Hwy 91 Exit 28,Fullerton,CA,92832 ,#0418,,714-738-7521"
-117.796501,33.728469,Costco - Tustin Ranch;,"2655 El Camino Real; I-5 EXit 101,Tustin,CA,92782 ,#0122,,714-838-7895"
-76.256277,40.05324,"Costco - Lancaster;Gas,","1875 Hempstead Rd,Lancaster,PA,17601 ,#0317,,717-396-8460"
-76.79958,40.30982,"Costco - Harrisburg;Gas,","5125 Jonestown Rd,Harrisburg,PA,17112 ,#0327,,717-412-2053"
-73.937681,40.767463,Costco - Queens;,"3250 Vernon Blvd,Long Island City,NY,11106 ,#0243,,718-267-3680"
-73.863572,40.73333,Costco - Rego Park;,"6135 Junction Blvd,Rego Park,NY,11374 ,#1070,,718-760-6470"
-74.009074,40.655481,Costco - Brooklyn;,"976 3rd Ave,Brooklyn,NY,11232 ,#0318,,718-965-7603"
-74.168663,40.57268,"Costco - Staten Island;Gas,","2975 Richmond Ave,Staten Island,NY,10314 ,#0316,,718-982-9525"
-104.821879,38.905252,"Costco - West Colorado Springs;Gas,","5050 N Nevada Ave,Colorado Springs,CO,80918 ,#1030,,719-264-5010"
-104.71771,38.892736,"Costco - East ColoradoSprings;Gas,","5885 Barnes Rd,Colorado Springs,CO,80922 ,#1014,,719-591-3000"
-105.174286,39.959535,"Costco - Superior;Gas,","600 Marshall Rd,Superior,CO,80027 ,#0480,,720-587-1000"
-80.107728,40.690676,"Costco - Cranberry Twp;Gas,","1050 Cranberry Square Dr,Cranberry Township,PA,16066 ,#0328,,724-778-6303"
-82.728772,27.956167,"Costco - Clearwater;Gas,","2655 Gulf to Bay Blvd,Clearwater,FL,33759 ,#0336,,727-373-1951"
-74.157622,40.05429,"Costco - Brick Twp;Gas,","465 Route 70,Brick,NJ,08723 ,#0739,,732-262-6300"
-74.170514,40.41941,Costco - Hazlet;,"2835 Rte 35 South,Hazlet,NJ,07730 ,#0222,,732-335-3800"
-74.045395,40.233946,"Costco - Ocean Twp;Gas,","2361 Rte-66,Ocean,NJ,07712 ,#0329,,732-481-0023"
-74.375611,40.530416,"Costco - Edison;Gas,","205 Vineyard Rd; I-287 Exit 2,Edison,NJ,08817 ,#0323,,732-491-2023"
-74.507287,40.436528,"Costco - North bruswick;Gas,","100 Grand Ave,North Brunswick,NJ,08902 ,#1174,,732-509-3905"
-74.558367,40.563248,Costco - Bridgewater;,"325 Promenade Blvd,Bridgewater,NJ,08807 ,#0322,,732-584-1003"
-74.303647,40.360838,"Costco - Marlboro;Gas,","18 Rte 9 N,Morganville,NJ,07751 ,#1093,,732-617-4340"
-83.743887,42.230682,"Costco - Pittsfield Twp;Gas,","771 Airport Blvd,Ann Arbor,MI,48108 ,#1106,,734-213-8010"
-83.331396,42.381533,"Costco - Middlebelt;Gas,","13700 Middlebelt Rd; I-96 Exit 176,Livonia,MI,48150 ,#0390,,734-427-0563"
-83.429629,42.432843,"Costco - Haggerty;Gas,","20000 Haggerty Rd,Livonia,MI,48152 ,#0391,,734-464-6399"
-97.595701,30.474064,"Costco - Pflugerville;Gas,","1901 Kelly Lane,Pflugerville,TX,78660 ,#1322,,737-888-6037"
-76.199804,36.851921,"Costco- Norfolk;Gas,","850 Glenrock Rd,Norfolk,VA,23502 ,#0202,,757-459-4471"
-76.496687,37.106265,"Costco - Newport News;Gas,","12121 Jefferson Ave,Newport News,VA,23602 ,#0247,,757-746-2003"
-115.572955,32.812024,"Costco - El Centro;Gas,","2030 North Imperial Ave,El Centro,CA,92243 ,#0121,,760-353-2380"
-117.124706,33.136465,"Costco - San Marcos;Gas,","725 Center Dr; Hwy 78 Exit 16,San Marcos,CA,92069 ,#0416,,760-480-6615"
-117.318536,34.515099,"Costco - Victorville;Gas,","14555 Valley Center Dr; I-15 Exit 151,Victorville,CA,92392 ,#0022,,760-524-9904"
-117.276448,33.18833,"Costco - Vista;Gas,","1755 Hacienda Dr; Hwy 78 Exit 4,Vista,CA,92081 ,#0124,,760-631-7255"
-116.389363,33.803945,"Costco - Palm Desert;Gas,","72800 Dinah Shore Dr; I-10 Exit 131,Palm Desert,CA,92211 ,#0441,,760-770-2810"
-116.273501,33.704383,"Costco - La Quinta;Gas,","79795 Hwy-111,La Quinta,CA,92253 ,#0638,,760-775-0370"
-117.31655,33.120138,"Costco - Carlsbad;Gas,","951 Palomar Airport Rd; I-5 Exit 47,Carlsbad,CA,92011 ,#0462,,760-929-0963"
-93.4238,45.092965,"Costco - Maple Grove;Gas,","11330 Fountains Dr N,Maple Grove,MN,55369 ,#0648,,763-494-8052"
-93.354053,44.966922,"Costco - St Louis Park;Gas,","5801 16th Street West,St Louis Park,MN,55416 ,#0377,,763-582-9603"
-93.347894,45.198777,"Costco - Coon rapids;Gas,","12547 Riverdale Blvd,Minneapolis,MN,55433 ,#0372,,763-712-7763"
-84.353593,33.928307,"Costco - Perimeter;Gas,","6350 Peachtree Dunwoody Rd; Hwy 19 Exit 5,Atlanta,GA,30328 ,#0188,,770-352-8660"
-84.469816,33.880435,"Costco - Cumberland Mall;Gas,","2900 Cumberland Mall; I-285 Exit 20,Atlanta,GA,30339 ,#0631,,770-431-1700"
-84.143039,33.947764,"Costco - Gwinnett;Gas,","3980 Venture Dr,Duluth,GA,30096 ,#0187,,770-622-1330"
-84.526622,34.119031,"Costco - Woodstock;Gas/Diesel,","113 Lincoln St,Woodstock,GA,30188 ,#1295,,770-694-7193"
-84.569719,34.004777,"Costco - Town Center;Gas/Diesel,","645 Barrett Pkwy; I-75 Exit 269,Kennesaw,GA,30144 ,#0189,,770-794-1767"
-87.676904,41.929504,"Costco - Lincoln Park;Gas,","2746 N Clybourn Ave,Chicago,IL,60614 ,#0380,,773-360-2053"
-119.738431,39.579072,"Costco - Sparks;Gas/Diesel,","4810 Galleria Pkwy,Sparks,NV,89436 ,#0646,,775-356-4400"
-119.78509,39.503098,"Costco - Reno;Gas,","2200 Harvard Way,Reno,NV,89502 ,#0025,,775-689-2200"
-119.776409,39.116662,"Costco - Carson City;Gas,","700 Old Clear Creek Rd,Carson City,NV,89705 ,#0127,,775-881-2503"
-88.961317,42.320282,"Costco - Loves Park;Gas,","5000 Stadium Dr,Love's Park,IL,61111 ,#1353,,779-513-8397"
-113.68796,53.5286,"Costco - West Edmonton;Gas,","7259 Winterburn Rd,Edmonton ,#1112,AB T5T 6T7,780-341-2810"
-113.3184,53.54635,"Costco - Sherwood Park;Gas,","2201 Broadmoor Blvd,Sherwood Park ,#0544,AB T8H 0A1,780-410-2520"
-113.57876,53.57903,"Costco - North Edmonton;Gas,","12450 149th St NW,Edmonton ,#0154,AB T5V 1G9,780-455-7575"
-113.41394,53.59538,"Costco - East Edmonton;Gas,","13650 50th Street,Edmonton ,#0156,AB T5A 4Y3,780-478-0066"
-118.845291,55.169518,"Costco - Grand Prairie;Gas,","9901 116th St,Grand Prairie ,#0254,AB T8V 6H6,780-539-9373"
-113.639642,53.671545,"Costco - St Albert;Gas,","1075 St Albert Trail,St Albert ,#1157,AB T8N 4K6,780-544-2008"
-113.468621,53.455234,"Costco - South Edmonton;Gas,","2616 91st Street NW,Edmonton ,#0258,AB T6N 1N2,780-577-1200"
-71.173641,42.231906,"Costco - Dedham;Gas,","200 Legacy Blvd,Dedham,MA,02026 ,#0319,,781-251-9975"
-71.265283,42.394577,Costco - Waltham;,"71 2nd Ave; I-95 Exit 27,Waltham,MA,02451 ,#0308,,781-622-3883"
-80.322723,25.77376,"Costco - Miami;Gas,","7795 W Flagler St,Miami,FL,33144 ,#1229,,786-482-7135"
-111.889559,40.657335,"Costco - Murray;Gas,","5201 S Intermountain Dr,Murray,UT,84107 ,#0764,,801-290-4200"
-111.895108,40.889379,"Costco - Bountiful;Gas,","573 West 100 North,West Bountiful,UT,84010 ,#0735,,801-299-3940"
-111.977648,41.19704,"Costco - South Ogden;Gas,","3656 Wall Ave,Ogden,UT,84405 ,#0770,,801-317-3950"
-111.901243,40.73112,"Costco - Salt Lake City;Gas/Diesel,","1818 South 300 West,Salt Lake City,UT,84115 ,#0113,,801-485-9715"
-111.649574,40.124046,"Costco - Spanish Fork;Gas,","273 E 1000 N; I-15 Exit 210;,Spanish Fork,UT,84660 ,#1118,,801-504-9530"
-111.975572,40.559958,"Costco - South Jordan;Gas/Diesel,","3571 W 10400 S,South Jordan,UT,84095 ,#1019,,801-523-5287"
-111.82328,40.389995,"Costco - Lehi;Gas,","198 North 1200 East,Lehi,UT,84043 ,#0733,,801-653-2710"
-111.894772,40.549778,"Costco - Sandy;Gas/Diesel,","11100 S Auto Mall Dr,Sandy,UT,84070 ,#0487,,801-790-0003"
-111.680239,40.279923,"Costco - Orem;Gas,","648 East 800 South,Orem,UT,84097 ,#0484,,801-851-5003"
-111.95353,40.690047,"Costco - West Valley;Gas,","3747 South 2700 West,Salt Lake City,UT,84119 ,#0622,,801-996-9008"
-73.174257,44.503958,"Costco - Colchester;Gas,","218 Lower Mountain View Dr; I-89 Exit 16,Colchester,VT,05446 ,#0314,,802-655-4356"
-81.139144,34.070559,"Costco - Columbia;Gas,","507 Piney Grove Rd; I-26 Exit 104,Columbia,SC,29210 ,#1232,,803-875-7130"
-77.605102,37.514582,"Costco - Chesterfield;Gas,","1401 Mall DR,North Chesterfield,VA,23235 ,#1089,,804-464-9110"
-77.561451,37.642388,"Costco - West Henrico;Gas,","9650 W Broad St,Glen Allen,VA,23060 ,#0205,,804-727-3050"
-120.691223,35.251848,"Costco - San Luis Obispo;Gas,","1540 Froom Ranch Way,San Luis Obispo,CA,93405 ,#0741,,805-541-7000"
-118.796294,34.283786,"Costco - Simi Valley;Gas/Diesel,","2660 Park Center Dr; Hwy 118 Exit 22,Simi Valley,CA,93065 ,#0128,,805-578-3301"
-119.874786,34.427788,Costco - Goleta;,"7095 Market Place Dr; Hwy 101 Exit 108,Goleta,CA,93117 ,#0474,,805-685-3199"
-120.419782,34.927552,"Costco - Santa Maria;Gas/Diesel,","1700 S Bradley Rd,Santa Maria,CA,93454 ,#1275,,805-928-8459"
-119.147739,34.225207,"Costco - Oxnard;Gas,","2001 East Ventura Blvd; Hwy 101 Exit 60/61,Oxnard,CA,93036 ,#0420,,805-983-4200"
-101.94746,33.564607,"Costco - Lubbock;Gas/Diesel,","6020 34th st,Lubbock,TX,79407 ,#1163,,806-785-1450"
-159.379545,21.967039,"Costco - Kauai;Gas,","4300 Nuhou St,Lihue Hawaii,HI,96766 ,#0640,,808-241-4000"
-156.01647,19.685045,"Costco - Kona;Gas/Diesel,","73-5600 Maiau St,Kona Hawaii,HI,96740 ,#0140,,808-331-4800"
-157.709496,21.283655,Costco - Hawaii Kai;,"333A Keahole St,Honolulu Oahu,HI,96825 ,#0120,,808-396-5538"
-157.87112,21.318564,"Costco - Iwilei;Gas,","525 Alakawa St,Honolulu Oahu,HI,96817 ,#0687,,808-526-6103"
-158.087532,21.32673,"Costco - Kapolei;Gas,","4589 Kapolei Pkwy,Kapolie Oahu,HI,96707 ,#1038,,808-674-3900"
-158.000376,21.42656,"Costco - Waipio;Gas,","94-1231 Ka Uka Blvd,Waipahu Oahu,HI,96797 ,#0485,,808-678-6103"
-156.450774,20.887142,"Costco - Maui;Gas,","540 Haleakala Hwy,Kahului Maui,HI,96732 ,#0119,,808-877-5248"
-83.761964,42.503781,"Costco - Green Oak Twp;Gas,","6700 Whitmore Lake Rd,Brighton,MI,48116 ,#0786,,810-220-8950"
-87.467091,37.991522,"Costco - Evansville;Gas,","1201 N Cross Pointe Pl,Evansville,IN,47715 ,#1331,,812-909-6580"
-82.392838,28.188421,"Costco - Wesley Chapel ;Gas,","2225 Grand Cypress Dr,Lutz,FL,33559 ,#1249,,813-279-7031"
-82.58107,28.044266,"Costco - West Tampa;Gas,","8712 W Linebaugh Ave,Tampa,FL,33625 ,#1262,,813-616-7001"
-82.33135,27.921299,"Costco - Brandon;Gas,","10921 Causeway Blvd,Brandon,FL,33511 ,#0358,,813-952-0103"
-94.357184,39.036357,"Costco - Independence;Gas,","19040 E Valley View Pkwy,Independence,MO,64055 ,#0373,,816-200-2003"
-94.581047,39.067173,"Costco - Kansas City;Gas,","241 East Linwood Blvd,Kansas City,MO,64111 ,#0375,,816-216-0003"
-94.585823,39.25386,"Costco - North Kansas City;Gas/Diesel,","1600 NW 88th St,Kansas City,MO,64155 ,#1268,,816-857-7086"
-97.408432,32.677915,"Costco - Fort Worth;Gas,","5300 Overton Ridge Blvd,Fort Worth,TX,76132 ,#0489,,817-210-0003"
-97.114497,32.684115,"Costco - Arlington;Gas,","600 West Arbrook Blvd,Arlington,TX,76014 ,#0668,,817-417-1603"
-97.112156,32.941412,"Costco - Southlake;Gas,","2601 E State Hwy-114,Southlake,TX,76092 ,#0669,,817-749-2803"
-97.32013,32.901671,"Costco - North Fort Worth;Gas,","8900 Tehama Ridge Pkwy; I-35 Exit 62,Fort Worth,TX,76117 ,#1173,,817-806-9833"
-118.427186,34.272342,"Costco - Pacoima;Gas,","13550 Paxton St; Hwy 118 Exit 44,Pacoima,CA,91331 ,#1071,,818-272-2700"
-118.380171,34.199735,Business Center;,"11428 Sherman Way,North Hollywood,CA,91605 ,#0653,,818-423-7082"
-118.463562,34.181421,"Costco - Van Nuys;Gas,","6100 Sepulveda Blvd; I-405 Exit 65,Van Nuys,CA,91411 ,#0048,,818-464-1480"
-118.323807,34.185815,"Costco - Burbank;Gas,","1051 Burbank Blvd; I-5 Exit 146,Burbank,CA,91506 ,#0677,,818-557-3783"
-118.797122,34.152178,Costco - Westlake Village;,"5700 Lindero Canyon Rd; Hwy 101 Exit 39,Westlake Village,CA,91362 ,#0117,,818-597-3901"
-118.550325,34.230673,"Costco - Northridge;Gas,","8810 Tampa Ave,Northridge,CA,91324 ,#0437,,818-775-1860"
-118.602814,34.186963,"Costco - Woodland Hills;Gas/Diesel,","21800 Victory Blvd,Woodland Hills,CA,91367 ,#1205,,818-884-9099"
-75.70072,45.4752,Costco - Gatineau;,"1100 Boul. Maloney Ouest,Gatineau ,#0542,QC J8T 6G3,819-246-4005"
-72.509422,45.909505,"Costco - Drummondville;Gas,","105 Rue-Robert-Bernard,Drummondville ,#1127,QC J2C 8N1,819-473-7575"
-72.57094,46.33083,"Costco - Trois Rivieres;Gas,","3000 boul des Récollets,Trois-Rivieres-Quest ,#0518,QC G9A 6J2,819-693-5758"
-71.95171,45.39388,Costco - Sherbrooke;,"3400 King Ouest,Sherbrooke ,#0514,QC J1L 1C9,819-822-0681"
-113.552477,53.308225,"Costco - Nisku;Gas,","Hwy 2 Exit 522; 2584 46 Ave E Airport Rd,Nisku ,#1270,AB T9E 1K2,825-319-2061"
-121.668553,36.703852,Costco - Salinas;,"1339 North Davis Rd; Hwy 101 Exit 330,Salinas,CA,93907 ,#0472,,831-424-4242"
-122.034014,36.984381,"Costco - Santa Cruz;Gas/Diesel,","220 Sylvania Ave,Santa Cruz,CA,95060 ,#0149,,831-469-0961"
-121.845388,36.616958,Costco - Sand City;,"801 Tioga Ave,Sand City,CA,93955 ,#0131,,831-899-1256"
-95.439146,29.73367,"Costco - Galleria;Gas,","3836 Richmond Ave,Houston,TX,77027 ,#1018,,832-325-5850"
-95.712165,29.978174,"Costco - Cypress;Gas,","26960 Hempstead Rd,Cypress,TX,77433 ,#1208,,832-653-4584"
-95.548021,29.954581,"Costco - Willowbrook;Gas,","12405 N Gessner Rd,Houston,TX,77064 ,#0675,,832-912-2353"
-79.771148,32.885616,"Costco - Mt Pleasant;Gas,","3525 Park Ave Blvd,Mt Pleasant,SC,29466 ,#1319,,843-375-7029"
-80.035888,32.795575,"Costco - Charleston;Gas,","3050 Ashley Town Center,Charleston,SC,29414 ,#0360,,843-460-2000"
-78.915906,33.705698,"Costco - Myrtle Beach;Gas,","1021 Oak Forest Ln,Myrtle Beach,SC,29577 ,#0338,,843-839-6604"
-74.025274,41.107253,"Costco - Nanuet;Gas,","50 Overlook Blvd,Nanuet,NY,10954 ,#0305,,845-425-1469"
-87.903328,42.238313,"Costco - Mettawa;Gas,","25901 Riverwoods Rd,Mettawa,IL,60045 ,#1074,,847-235-1300"
-88.093412,42.187135,"Costco - Lake Zurich;Gas,","680 S. Rand Rd,Lake Zurich,IL,60047 ,#0378,,847-540-3053"
-87.932579,42.083331,"Costco - Mt Pleasant;Gas,","999 N. Elmhurst Rd,Mount Prospect,IL,60056 ,#0779,,847-660-2000"
-87.821582,42.109363,"Costco - Glenview;Gas,","2900 Patriot Blvd,Glenview,IL,60026 ,#0348,,847-730-1003"
-88.339285,42.178622,"Costco - Lake in the Hills;Gas,","250 N. Randall Rd,Lake in the Hills,IL,60156 ,#0774,,847-960-9909"
-88.042213,42.055271,"Costco - Schaumburg;Gas,","1375 N Meacham Rd,Schaumburg,IL,60173 ,#0387,,847-969-0790"
-87.780429,42.014815,"Costco - Niles;Gas,","7311 N Melvina Ave; I-94 Exit 39,Niles,IL,60714 ,#0383,,847-972-3003"
-84.212088,30.460557,"Costco - Tallahassee;Gas,","4067 Lagniappe Way,Tallahassee,FL,32317 ,#1026,,850-219-2500"
-74.907553,39.971767,"Costco - Mt Laurel;Gas,","100 Centerton Rd,Mount Laurel,NJ,08054 ,#0749,,856-359-3650"
-117.225899,32.823589,"Costco - Morena;Gas,","4605 Morena Blvd; I-5 Exit 23,San Diego,CA,92117 ,#0401,,858-270-6920"
-117.076942,32.987135,"Costco - Carmel Mountain;Gas,","12350 Carmel Mountain Rd,San Diego,CA,92128 ,#0452,,858-675-0248"
-117.153749,32.816477,Business Center;,"7803 Othello Ave,San Diego,CA,92111 ,#0578,,858-790-6750"
-117.032326,32.93518,"Costco - Poway;Gas,","12155 Tech Center Dr,Poway,CA,92064 ,#0775,,858-848-2451"
-84.410291,38.024108,"Costco - Lexington;Gas,","1500 Fitzgerald Ct,Lexington,KY,40509 ,#1156,,859-245-3620"
-84.649777,38.987565,"Costco - Florence;Gas/Diesel,","800 Heights Blvd,Florence,KY,41042 ,#1197,,859-568-7000"
-72.575101,41.994163,"Costco - Enfield;Gas,","75 Freshwater Blvd; I-91 Exit 47,Enfield,CT,06082 ,#0780,,860-394-2001"
-72.212701,41.359448,"Costco - East Lyme;Gas,","284 Flanders Rd; I-95 Exit 74,East Lyme,CT,06333 ,#1372,,860-739-4700"
-72.764989,41.709821,"Costco - New Britain;Gas,","405 Hartford Rd,New Britain,CT,06053 ,#1196,,860-893-7001"
-82.313073,34.836061,"Costco - Greenville;Gas,","1021 Woodruff Rd; I-385 Exit 37,Greenville,SC,29607 ,#1005,,864-297-2560"
-81.997836,34.940014,"Costco - Spartanburg;Gas,","211 W Blackstock Rd,Spartanburg,SC,29301 ,#1008,,864-515-4940"
-84.14115,35.896308,"Costco - Farragut;Gas,","10745 Kingston Pike,Knoxville,TN,37934 ,#1116,,865-218-7700"
-89.795532,35.192031,"Costco - NE Memphis;Gas,","2431 North Germantown Pkwy; I-40 Exit 16,Cordova,TN,38016 ,#0352,,901-214-0003"
-89.797364,35.046016,"Costco - SE Memphis;Gas,","3775 Hacks Cross Rd,Memphis,TN,38125 ,#0353,,901-214-0054"
-63.566487,44.70445,Costco - Dartmouth;,"137 Countryview Dr,Dartmouth ,#0551,NS B3B 0E7,902-481-7637"
-63.676136,44.656146,Costco - Halifax;,"230 Chain Lake Dr,Halifax ,#0519,NS B3S 1C5,902-876-7788"
-81.756252,30.20226,"Costco - West Jacksonville;Gas,","8000 Parramore Rd; I-295 Exit 12,Jacksonville,FL,32244 ,#1294,,904-479-7521"
-81.533481,30.251894,Costco - East Jacksonville;,"4901 Gate Pkwy,Jacksonville,FL,32246 ,#0357,,904-997-7003"
-79.2527,43.85166,Costco - East Markham;,"65 Kirkham Dr,Markham ,#0545,ON L3S 0A9,905-201-3500"
-79.542378,43.786207,"Costco - Vaughan;Gas,","71 Colossus Dr,Woodbridge ,#0547,ON L4L 9J8,905-264-8337"
-79.94806,43.22876,"Costco - Ancaster;Gas,","100 Legend Court,Ancaster ,#1105,ON L9K 1J3,905-304-0355"
-79.822385,43.343751,Costco - Burlington;,"1225 Brant St,Burlington ,#0253,ON L7P 1X7,905-336-9121"
-78.856003,43.903757,"Costco - Oshawa;Gas,","130 Ritson Rd North,Oshawa ,#1128,ON L1G 1Z7,905-404-4050"
-79.71337,43.68106,Costco - Brampton;,"100 Biscayne Crescent,Brampton ,#0162,ON L6W 4S1,905-450-9300"
-79.35454,43.84586,Costco - Markham;,"1 YorkTech Drive,Markham ,#0151,ON L6G 1A6,905-477-5718"
-79.579596,43.612299,"Costco - Central Mississauga;Gas,","1570 Dundas Ste,Mississauga ,#1169,ON L4X 1L4,905-566-2400"
-79.68947,43.6115,Costco - North Mississauga;,"5900 Rodeo Dr,Mississauga ,#0526,ON L5R 3S9,905-568-4828"
-79.019814,43.864416,"Costco - Ajax;Gas,","150 Kingston Road East,Ajax ,#0159,ON L1Z 1E5,905-619-6677"
-79.25089,43.179063,Costco - St Catharines;,"3 North Service Road,St Catharines ,#0523,ON L2N 7R1,905-646-2008"
-79.681349,44.334669,"Costco - Barrie;Gas,","41 MapleView Drive East,Barrie ,#0252,ON L4N 9A9,905-780-2100"
-79.392051,43.901816,Costco - Richmond Hill;,"35 John Birchall Rd,Richmond Hill ,#0592,ON L4S 0B2,905-780-2100"
-79.687711,43.521232,Costco - South Mississauga;,"3180 Laird Road,Mississauga ,#0531,ON L5L 5P8,905-828-3340"
-79.48406,44.06988,"Costco - Newmarket;Gas,","18182 Yonge St,East Gwillimbury ,#0510,ON L9N 0J3,905-954-4733"
-147.707275,64.852882,"Costco - Fairbanks;Gas,","48 College Rd,Fairbanks,AK,99701 ,#1342,,907-205-3607"
-149.803725,61.211183,"Costco - NE Anchorage;Gas,","4125 DeBarr Rd,Anchorage,AK,99508 ,#0063,,907-269-9510"
-149.88409,61.143268,"Costco - Anchorage;Gas/Diesel,","330 West Dimond Blvd,Anchorage,AK,99515 ,#0010,,907-349-2335"
-134.482326,58.359471,Costco - Juneau;,"5225 Commercial Blvd,Juneau,AK,99801 ,#0107,,907-780-6740"
-74.459421,40.611687,"Costco - North Plainfield;Gas,","1290 Hwy 22E,North Plainfield,NJ,07060 ,#1166,,908-546-5666"
-74.287644,40.694159,"Costco - Union;Gas,","1055 Hudson St,Union,NJ,07083 ,#0320,,908-810-1458"
-74.859711,40.517479,"Costco - Flemington;Gas,","2a Walter E Foran Blvd N,Flemington,NJ,08822 ,#1236,,908-905-7210"
-117.742454,34.014146,"Costco - Chino Hills;Gas,","13111 Peyton Dr,Chino Hills,CA,91709 ,#0473,,909-464-2900"
-117.263372,34.06839,"Costco - San Bernarino;Gas,","1099 E Hospitality Ln; I-10 Exit 74,San Bernardino,CA,92408 ,#0478,,909-478-3445"
-117.690558,34.083034,"Costco - Montclair;Gas,","9404 Central Ave; I-10 Exit 49,Montclair,CA,91763 ,#0686,,909-575-5004"
-117.548114,34.079006,"Costco - Rancho Cucamonga;Gas,","11800 4th St; I-15 Exit 110,Rancho Cucamonga,CA,91739 ,#0678,,909-581-1700"
-117.443071,34.137526,"Costco - Fontana;Gas,","16505 Sierra Lakes Pkwy; I-210 Exit 66 or 67,Fontana,CA,92336 ,#0627,,909-770-5639"
-117.828417,34.113535,"Costco - San Dimas;Gas,","520 N Lone Hill Ave,San Dimas,CA,91773 ,#1015,,909-962-5507"
-77.872737,34.248883,"Costco - Wilmington;Gas,","5351 Gingerwood Dr,Wilmington,NC,28405 ,#0635,,910-798-3252"
-94.670834,38.907288,"Costco - Overland Park;Gas,","12221 Blue Valley Pkwy,Overland Park,KS,66213 ,#0369,,913-217-2053"
-94.733509,38.958856,"Costco - lenexa;Gas,","9350 Marshall Dr; I-35 Exit 224,Lenexa,KS,66215 ,#0349,,913-227-3703"
-73.794504,40.896147,"Costco - New Rochelle;Gas,","1 Industrial Ln,New Rochelle,NY,10805 ,#0241,,914-235-2233"
-73.86129,40.974962,Costco - Yonkers;,"20 Stew Leonard Dr,Yonkers,NY,10710 ,#0321,,914-595-1003"
-73.661786,40.999368,Costco - Port Chester;,"1 Westchester Ave,Port Chester,NY,10573 ,#0326,,914-935-3103"
-106.409464,31.78226,"Costco - El Paso;Gas,","6101 Gateway West Blvd; I-10 Exit 23;,El Paso,TX,79925 ,#0768,,915-774-5203"
-121.385529,38.607845,Business Center;,"3360 El Camino Ave,Sacramento,CA,95821 ,#0893,,916-426-4556"
-121.414025,38.407634,"Costco - Elk Grove;Gas,","7400 Elk Grove Blvd,Elk Grove,CA,95757 ,#1274,,916-465-6050"
-121.29713,38.689428,"Costco - Citrus Heights;Gas,","7000 Auburn Blvd,Citrus Heights,CA,95621 ,#0771,,916-560-4000"
-121.452667,38.597106,"Costco - Cal Expo;Gas,","1600 Expo Pkwy,Sacramento,CA,95815 ,#0471,,916-563-7002"
-121.414341,38.468475,"Costco - Sacramento;Gas,","7981 East Stockton Blvd,Sacramento,CA,95823 ,#0464,,916-682-3569"
-121.263848,38.588193,"Costco - Rancho Cordova;Gas,","11260 White Rock Rd,Rancho Cordova,CA,95742 ,#0438,,916-724-2240"
-121.267708,38.780118,"Costco - Roseville;Gas/Diesel,","6750 Stanford Ranch Rd; Hwy 65 Exit 307,Roseville,CA,95678 ,#0029,,916-789-1485"
-121.109486,38.645499,"Costco - Folsom;Gas/Diesel,","1800 Cavitt Court; Hwy 50 Exit 27,Folsom,CA,95630 ,#0765,,916-850-1000"
-95.887447,36.014915,"Costco - Tulsa;Gas/Diesel,","10220 S Memorial Dr,Tulsa,OK,74133 ,#1207,,918-498-7001"
-78.913853,36.029147,"Costco - Durham;Gas,","1510 N Pointe Dr,Durham,NC,27705 ,#0249,,919-220-2740"
-78.826229,35.746995,"Costco - Apex;Gas,","1021 Pine Plaza Dr,Apex,NC,27523 ,#1206,,919-331-6027"
-78.621729,35.818085,"Costco - Raleigh;Gas,","2838 Wake Forest Rd,Raleigh,NC,27609 ,#0645,,919-755-2801"
-88.488986,44.270857,"Costco; - Grand Chute;Gas/Diesel,","5401 W Integrity Way,Grand Chute,WI,54913 ,#1222,,920-363-7000"
-87.985499,44.457594,"Costco - Green Bay;Gas,","2355 Costco Way,Bellevue,WI,54311 ,#1162,,920-469-5700"
-121.972853,37.78259,Costco - Danville;,"3150 Fostoria Way; I-680 Exit 38,Danville,CA,94526 ,#0021,,925-277-0407"
-121.812562,37.702888,"Costco - Livermore;Gas,","2800 Independence Dr; I-580 Exit 50,Livermore,CA,94551 ,#0146,,925-443-6306"
-122.034196,37.959142,"Costco - Concord;Gas/Diesel,","2400 Monument Blvd,Concord,CA,94520 ,#0663,,925-566-4003"
-121.838914,38.009793,"Costco - Antioch;Gas,","2201 Verne Roberts Cir; Hwy 4 Exit 26,Antioch,CA,94509 ,#1002,,925-757-7130"
-112.396843,34.547881,"Costco - Prescott;Gas/Diesel,","3911 Hwy-69,Prescott,AZ,86301 ,#0466,,928-541-2203"
-95.453689,30.208462,"Costco - Woodlands;Gas/Diesel,","8185 SH 242; I-45 Exit 78,The Woodlands,TX,77385 ,#1189,,936-703-2295"
-95.45362,30.208431,"Costco - Woodlands;Gas,","8185 Hwy 242; I-45 Exit 79,Conroe,TX,77385 ,#1189,,936-703-2295"
-84.107013,39.662368,"Costco - Centervile;Gas,","5300 Cornerstone North Blvd; I-675 Exit 7,Centerville,OH,45440 ,#1185,,937-640-6000"
-82.471902,27.502994,"Costco - Bradenton;Gas,","805 Lighthouse Dr,Bradenton,FL,34212 ,#1364,,941-213-0747"
-82.494371,27.234098,"Costco - Sarasota Mall;Gas,","8201 S Tamiami Trail,Sarasota,FL,34328 ,#1123,,941-554-2800"
-117.678038,33.46957,"Costco - San Juan Capistrano;Gas,","33961 Doheny Park Rd,San Juan Capistrano,CA,92675 ,#0429,,949-240-3558"
-117.676959,33.555311,"Costco - Laguna Niguel;Gas,","27972 Cabot Rd,Laguna Niguel,CA,92677 ,#0028,,949-364-0217"
-117.710912,33.566778,"Costco - Laguna Marketplace;Gas,","27220 Heather Ridge Rd,Laguna Niguel,CA,92677 ,#0690,,949-389-8703"
-117.745618,33.660192,"Costco - Irvine;Gas/Diesel,","115 Technology West Dr; I-5 Exit 94,Irvine,CA,92618 ,#0454,,949-453-0435"
-117.339829,33.696321,"Costco - Lake Elsinore;Gas,","29315 Central Ave; I-15 Exit 77,Lake Elsinore,CA,92532 ,#0746,,951-253-6030"
-117.522629,33.88612,"Costco - Corona;Gas,","480 McKinley St; Hwy 91 Exit 53,Corona,CA,92879 ,#0432,,951-279-1190"
-117.277018,33.935476,"Costco - Moreno Valley;Gas,","12700 Day St; Hwy 60 Exit 59,Moreno Valley,CA,92553 ,#0455,,951-697-8900"
-117.154362,33.521227,"Costco - Temecula;Gas/Diesel,","26610 Ynez Rd; I-15 Exit 61,Temecula,CA,92591 ,#0491,,951-719-2000"
-117.556991,34.000208,"Costco; - Eastvale;Gas,","5030 Hammer Ave; I-5 Exit 105,Eastvale,CA,91752 ,#1317,,951-749-7190"
-93.293897,44.749076,"Costco - Burnsville;Gas,","14050 Burnhaven Dr,Burnsville,MN,55337 ,#1087,,952-229-6449"
-93.435923,44.860296,"Costco - Eden Prairie;Gas,","12011 Technology Dr,Eden Prairie,MN,55344 ,#0783,,952-943-4801"
-80.150038,26.273362,"Costco - Pompano;Gas,","1800 W Sample Rd; I-95 Exit 39,Pompano Beach,FL,33064 ,#0088,,954-247-3554"
-80.360331,26.009617,"Costco - Pembroke Pines;Gas,","15915 Pines Blvd; I-75 Exit 9,Pembroke Pines,FL,33027 ,#0742,,954-266-3460"
-80.247437,26.096586,"Costco - Davie;Gas,","1890 S University Dr; I-595 Exit 5,Davie,FL,33324 ,#0091,,954-370-8990"
-80.277933,26.287219,"Costco - Coral Springs;Gas,","4621 Coral Ridge Dr,Coral Springs,FL,33076 ,#1323,,954-715-8240"
-98.202653,26.19335,"Costco - Pharr;Gas,","1501 W Kelly Ave,Pharr,TX,78577 ,#1108,,956-354-3900"
-106.890825,39.644362,"Costco - Gypsum;Gas/Diesel,","170 Cooley Mesa Rd,Gypsum,CO,81637 ,#0637,,970-328-7601"
-104.98892,40.520554,"Costco - Timnath;Gas/Diesel,","4705 Weitzel St; I-25 Exit 265,Timnath,CO,80547 ,#1178,,970-416-6115"
-96.699569,33.044542,"Costco - East Plano;Gas,","3800 N. Central Expy,Plano,TX,75074 ,#0664,,972-244-0003"
-96.831029,33.024348,"Costco - West Plano;Gas,","1701 Dallas Pkwy,Plano,TX,75093 ,#0684,,972-246-2203"
-96.445721,32.908196,"Costco - Rockwell;Gas,","1225 Hwy 276,Rockwall,TX,75032 ,#1049,,972-772-1600"
-74.254896,40.889996,"Costco - Wayne;Gas,","149 SR 23,Wayne,NJ,07470 ,#1177,,973-339-4006"
-74.379378,40.812408,Costco - East Hanover;,"156 SR-10 West,East Hanover,NJ,07936 ,#0244,,973-602-2000"
-74.568627,40.906921,"Costco - Wharton;Gas,","315 Rte 15; I-80 Exit 34;,Wharton,NJ,07885 ,#0315,,973-659-2000"
-74.136482,40.831654,"Costco - Clifton;Gas,","20 Bridewell Pl,Clifton,NJ,07014 ,#0306,,973-779-8715"
-70.977402,42.556955,"Costco - Danvers;Gas,","11 Newbury St; I-95 Exit 47,Danvers,MA,01923 ,#0301,,978-750-1000"
-80.851862,35.583045,"Costco - Mooresville;Gas,","392 Talbert Rd; I-77 Exit 35,Mooresville,NC,28117 ,#1333,,980-447-9757"
-114.2062,51.072525,Costco - SW Calgary;,"Tsuut'ina Indian Nation,Calgary 0E1Aug 2020,AB T3T"
-111.984268,43.511486,Costco - Idaho Falls;,"2495 E Lincoln Rd,Idaho Falls,ID,83401,Aug 2020,"
-100.772226,46.864088,Coctco - Bismarck;,"Brookside Ln && StateSt,Bismarck,ND,58501,Aug 2020,"
-111.917875,40.381079,Costco - Saratoga Springs;,"Redwood Rd,Saratoga Springs,UT,84045,Aug 2020,"
-117.574288,34.06417,Business Center;,"Haven Ave && Guasti Rd; I-10 Exit 56,Ontario,CA,91761,July 2020,"
-121.810397,37.318487,Business Center;,"E Capitol Expy,San Jose,CA,95122,Sept 2020,"
-75.037729,39.926504,Costco - Cherry Hill;,"Golden State Blvd,Cherry Hill,NJ,08002,Sept 2020,"
